run_id	scenario_id	service_id	metric_name	COALESCE(dm.metric_value,'')	COALESCE(dm.metric_text,'')	computed_at
5f45d5f413a68b5c16dc061e471fd3ba	headget-20260429-030809Z-http-503	better-uptime	cooldown_suppressed	0		2026-04-29 03:23:15.823349
5f45d5f413a68b5c16dc061e471fd3ba	headget-20260429-030809Z-http-503	better-uptime	cooldown_uncertain	0		2026-04-29 03:23:15.823349
5f45d5f413a68b5c16dc061e471fd3ba	headget-20260429-030809Z-http-503	better-uptime	detection_latency_s	3.310523		2026-04-29 03:23:15.823349
5f45d5f413a68b5c16dc061e471fd3ba	headget-20260429-030809Z-http-503	better-uptime	false_negative	0		2026-04-29 03:23:15.823349
5f45d5f413a68b5c16dc061e471fd3ba	headget-20260429-030809Z-http-503	better-uptime	false_positive	0		2026-04-29 03:23:15.823349
5f45d5f413a68b5c16dc061e471fd3ba	headget-20260429-030809Z-http-503	better-uptime	maintenance_suppressed	0		2026-04-29 03:23:15.823349
5f45d5f413a68b5c16dc061e471fd3ba	headget-20260429-030809Z-http-503	better-uptime	tls_advisory_detected	0		2026-04-29 03:23:15.823349
5f45d5f413a68b5c16dc061e471fd3ba	headget-20260429-030809Z-http-503	better-uptime	tls_advisory_false_outage	0		2026-04-29 03:23:15.823349
5f45d5f413a68b5c16dc061e471fd3ba	headget-20260429-030809Z-http-503	better-uptime	tls_advisory_missed	0		2026-04-29 03:23:15.823349
5f45d5f413a68b5c16dc061e471fd3ba	headget-20260429-030809Z-http-503	better-uptime	true_positive	1		2026-04-29 03:23:15.823349
5f45d5f413a68b5c16dc061e471fd3ba	headget-20260429-030809Z-http-503	better-uptime	unknown	0		2026-04-29 03:23:15.823349
5f45d5f413a68b5c16dc061e471fd3ba	headget-20260429-030809Z-http-503	datadog-synthetics	cooldown_suppressed	0		2026-04-29 03:23:15.823349
5f45d5f413a68b5c16dc061e471fd3ba	headget-20260429-030809Z-http-503	datadog-synthetics	cooldown_uncertain	0		2026-04-29 03:23:15.823349
5f45d5f413a68b5c16dc061e471fd3ba	headget-20260429-030809Z-http-503	datadog-synthetics	detection_latency_s	300.541523		2026-04-29 03:23:15.823349
5f45d5f413a68b5c16dc061e471fd3ba	headget-20260429-030809Z-http-503	datadog-synthetics	false_negative	0		2026-04-29 03:23:15.823349
5f45d5f413a68b5c16dc061e471fd3ba	headget-20260429-030809Z-http-503	datadog-synthetics	false_positive	0		2026-04-29 03:23:15.823349
5f45d5f413a68b5c16dc061e471fd3ba	headget-20260429-030809Z-http-503	datadog-synthetics	maintenance_suppressed	0		2026-04-29 03:23:15.823349
5f45d5f413a68b5c16dc061e471fd3ba	headget-20260429-030809Z-http-503	datadog-synthetics	tls_advisory_detected	0		2026-04-29 03:23:15.823349
5f45d5f413a68b5c16dc061e471fd3ba	headget-20260429-030809Z-http-503	datadog-synthetics	tls_advisory_false_outage	0		2026-04-29 03:23:15.823349
5f45d5f413a68b5c16dc061e471fd3ba	headget-20260429-030809Z-http-503	datadog-synthetics	tls_advisory_missed	0		2026-04-29 03:23:15.823349
5f45d5f413a68b5c16dc061e471fd3ba	headget-20260429-030809Z-http-503	datadog-synthetics	true_positive	1		2026-04-29 03:23:15.823349
5f45d5f413a68b5c16dc061e471fd3ba	headget-20260429-030809Z-http-503	datadog-synthetics	unknown	0		2026-04-29 03:23:15.823349
5f45d5f413a68b5c16dc061e471fd3ba	headget-20260429-030809Z-http-503	jetmon-v1	cooldown_suppressed	0		2026-04-29 03:23:15.823349
5f45d5f413a68b5c16dc061e471fd3ba	headget-20260429-030809Z-http-503	jetmon-v1	cooldown_uncertain	0		2026-04-29 03:23:15.823349
5f45d5f413a68b5c16dc061e471fd3ba	headget-20260429-030809Z-http-503	jetmon-v1	false_negative	1		2026-04-29 03:23:15.823349
5f45d5f413a68b5c16dc061e471fd3ba	headget-20260429-030809Z-http-503	jetmon-v1	false_positive	0		2026-04-29 03:23:15.823349
5f45d5f413a68b5c16dc061e471fd3ba	headget-20260429-030809Z-http-503	jetmon-v1	maintenance_suppressed	0		2026-04-29 03:23:15.823349
5f45d5f413a68b5c16dc061e471fd3ba	headget-20260429-030809Z-http-503	jetmon-v1	tls_advisory_detected	0		2026-04-29 03:23:15.823349
5f45d5f413a68b5c16dc061e471fd3ba	headget-20260429-030809Z-http-503	jetmon-v1	tls_advisory_false_outage	0		2026-04-29 03:23:15.823349
5f45d5f413a68b5c16dc061e471fd3ba	headget-20260429-030809Z-http-503	jetmon-v1	tls_advisory_missed	0		2026-04-29 03:23:15.823349
5f45d5f413a68b5c16dc061e471fd3ba	headget-20260429-030809Z-http-503	jetmon-v1	true_positive	0		2026-04-29 03:23:15.823349
5f45d5f413a68b5c16dc061e471fd3ba	headget-20260429-030809Z-http-503	jetmon-v1	unknown	0		2026-04-29 03:23:15.823349
5f45d5f413a68b5c16dc061e471fd3ba	headget-20260429-030809Z-http-503	jetmon-v2	cooldown_suppressed	0		2026-04-29 03:23:15.823349
5f45d5f413a68b5c16dc061e471fd3ba	headget-20260429-030809Z-http-503	jetmon-v2	cooldown_uncertain	0		2026-04-29 03:23:15.823349
5f45d5f413a68b5c16dc061e471fd3ba	headget-20260429-030809Z-http-503	jetmon-v2	detection_latency_s	157.524523		2026-04-29 03:23:15.823349
5f45d5f413a68b5c16dc061e471fd3ba	headget-20260429-030809Z-http-503	jetmon-v2	false_negative	0		2026-04-29 03:23:15.823349
5f45d5f413a68b5c16dc061e471fd3ba	headget-20260429-030809Z-http-503	jetmon-v2	false_positive	0		2026-04-29 03:23:15.823349
5f45d5f413a68b5c16dc061e471fd3ba	headget-20260429-030809Z-http-503	jetmon-v2	maintenance_suppressed	0		2026-04-29 03:23:15.823349
5f45d5f413a68b5c16dc061e471fd3ba	headget-20260429-030809Z-http-503	jetmon-v2	tls_advisory_detected	0		2026-04-29 03:23:15.823349
5f45d5f413a68b5c16dc061e471fd3ba	headget-20260429-030809Z-http-503	jetmon-v2	tls_advisory_false_outage	0		2026-04-29 03:23:15.823349
5f45d5f413a68b5c16dc061e471fd3ba	headget-20260429-030809Z-http-503	jetmon-v2	tls_advisory_missed	0		2026-04-29 03:23:15.823349
5f45d5f413a68b5c16dc061e471fd3ba	headget-20260429-030809Z-http-503	jetmon-v2	true_positive	1		2026-04-29 03:23:15.823349
5f45d5f413a68b5c16dc061e471fd3ba	headget-20260429-030809Z-http-503	jetmon-v2	unknown	0		2026-04-29 03:23:15.823349
5f45d5f413a68b5c16dc061e471fd3ba	headget-20260429-030809Z-http-503	pingdom	cooldown_suppressed	0		2026-04-29 03:23:15.823349
5f45d5f413a68b5c16dc061e471fd3ba	headget-20260429-030809Z-http-503	pingdom	cooldown_uncertain	0		2026-04-29 03:23:15.823349
5f45d5f413a68b5c16dc061e471fd3ba	headget-20260429-030809Z-http-503	pingdom	detection_latency_s	278.957523		2026-04-29 03:23:15.823349
5f45d5f413a68b5c16dc061e471fd3ba	headget-20260429-030809Z-http-503	pingdom	false_negative	0		2026-04-29 03:23:15.823349
5f45d5f413a68b5c16dc061e471fd3ba	headget-20260429-030809Z-http-503	pingdom	false_positive	0		2026-04-29 03:23:15.823349
5f45d5f413a68b5c16dc061e471fd3ba	headget-20260429-030809Z-http-503	pingdom	maintenance_suppressed	0		2026-04-29 03:23:15.823349
5f45d5f413a68b5c16dc061e471fd3ba	headget-20260429-030809Z-http-503	pingdom	tls_advisory_detected	0		2026-04-29 03:23:15.823349
5f45d5f413a68b5c16dc061e471fd3ba	headget-20260429-030809Z-http-503	pingdom	tls_advisory_false_outage	0		2026-04-29 03:23:15.823349
5f45d5f413a68b5c16dc061e471fd3ba	headget-20260429-030809Z-http-503	pingdom	tls_advisory_missed	0		2026-04-29 03:23:15.823349
5f45d5f413a68b5c16dc061e471fd3ba	headget-20260429-030809Z-http-503	pingdom	true_positive	1		2026-04-29 03:23:15.823349
5f45d5f413a68b5c16dc061e471fd3ba	headget-20260429-030809Z-http-503	pingdom	unknown	0		2026-04-29 03:23:15.823349
5f45d5f413a68b5c16dc061e471fd3ba	headget-20260429-030809Z-http-503	uptimerobot	cooldown_suppressed	0		2026-04-29 03:23:15.823349
5f45d5f413a68b5c16dc061e471fd3ba	headget-20260429-030809Z-http-503	uptimerobot	cooldown_uncertain	0		2026-04-29 03:23:15.823349
5f45d5f413a68b5c16dc061e471fd3ba	headget-20260429-030809Z-http-503	uptimerobot	detection_latency_s	77.957523		2026-04-29 03:23:15.823349
5f45d5f413a68b5c16dc061e471fd3ba	headget-20260429-030809Z-http-503	uptimerobot	false_negative	0		2026-04-29 03:23:15.823349
5f45d5f413a68b5c16dc061e471fd3ba	headget-20260429-030809Z-http-503	uptimerobot	false_positive	0		2026-04-29 03:23:15.823349
5f45d5f413a68b5c16dc061e471fd3ba	headget-20260429-030809Z-http-503	uptimerobot	maintenance_suppressed	0		2026-04-29 03:23:15.823349
5f45d5f413a68b5c16dc061e471fd3ba	headget-20260429-030809Z-http-503	uptimerobot	tls_advisory_detected	0		2026-04-29 03:23:15.823349
5f45d5f413a68b5c16dc061e471fd3ba	headget-20260429-030809Z-http-503	uptimerobot	tls_advisory_false_outage	0		2026-04-29 03:23:15.823349
5f45d5f413a68b5c16dc061e471fd3ba	headget-20260429-030809Z-http-503	uptimerobot	tls_advisory_missed	0		2026-04-29 03:23:15.823349
5f45d5f413a68b5c16dc061e471fd3ba	headget-20260429-030809Z-http-503	uptimerobot	true_positive	1		2026-04-29 03:23:15.823349
5f45d5f413a68b5c16dc061e471fd3ba	headget-20260429-030809Z-http-503	uptimerobot	unknown	0		2026-04-29 03:23:15.823349
ccf9fe3888ac56c19f6272ec5d6c1425	headget-20260429-030809Z-http-head-405-get-200	better-uptime	cooldown_suppressed	0		2026-04-29 03:46:22.677805
ccf9fe3888ac56c19f6272ec5d6c1425	headget-20260429-030809Z-http-head-405-get-200	better-uptime	cooldown_uncertain	0		2026-04-29 03:46:22.677805
ccf9fe3888ac56c19f6272ec5d6c1425	headget-20260429-030809Z-http-head-405-get-200	better-uptime	false_negative	0		2026-04-29 03:46:22.677805
ccf9fe3888ac56c19f6272ec5d6c1425	headget-20260429-030809Z-http-head-405-get-200	better-uptime	false_positive	0		2026-04-29 03:46:22.677805
ccf9fe3888ac56c19f6272ec5d6c1425	headget-20260429-030809Z-http-head-405-get-200	better-uptime	maintenance_suppressed	0		2026-04-29 03:46:22.677805
ccf9fe3888ac56c19f6272ec5d6c1425	headget-20260429-030809Z-http-head-405-get-200	better-uptime	tls_advisory_detected	0		2026-04-29 03:46:22.677805
ccf9fe3888ac56c19f6272ec5d6c1425	headget-20260429-030809Z-http-head-405-get-200	better-uptime	tls_advisory_false_outage	0		2026-04-29 03:46:22.677805
ccf9fe3888ac56c19f6272ec5d6c1425	headget-20260429-030809Z-http-head-405-get-200	better-uptime	tls_advisory_missed	0		2026-04-29 03:46:22.677805
ccf9fe3888ac56c19f6272ec5d6c1425	headget-20260429-030809Z-http-head-405-get-200	better-uptime	true_positive	0		2026-04-29 03:46:22.677805
ccf9fe3888ac56c19f6272ec5d6c1425	headget-20260429-030809Z-http-head-405-get-200	better-uptime	unknown	0		2026-04-29 03:46:22.677805
ccf9fe3888ac56c19f6272ec5d6c1425	headget-20260429-030809Z-http-head-405-get-200	datadog-synthetics	cooldown_suppressed	0		2026-04-29 03:46:22.677805
ccf9fe3888ac56c19f6272ec5d6c1425	headget-20260429-030809Z-http-head-405-get-200	datadog-synthetics	cooldown_uncertain	0		2026-04-29 03:46:22.677805
ccf9fe3888ac56c19f6272ec5d6c1425	headget-20260429-030809Z-http-head-405-get-200	datadog-synthetics	false_negative	0		2026-04-29 03:46:22.677805
ccf9fe3888ac56c19f6272ec5d6c1425	headget-20260429-030809Z-http-head-405-get-200	datadog-synthetics	false_positive	0		2026-04-29 03:46:22.677805
ccf9fe3888ac56c19f6272ec5d6c1425	headget-20260429-030809Z-http-head-405-get-200	datadog-synthetics	maintenance_suppressed	0		2026-04-29 03:46:22.677805
ccf9fe3888ac56c19f6272ec5d6c1425	headget-20260429-030809Z-http-head-405-get-200	datadog-synthetics	tls_advisory_detected	0		2026-04-29 03:46:22.677805
ccf9fe3888ac56c19f6272ec5d6c1425	headget-20260429-030809Z-http-head-405-get-200	datadog-synthetics	tls_advisory_false_outage	0		2026-04-29 03:46:22.677805
ccf9fe3888ac56c19f6272ec5d6c1425	headget-20260429-030809Z-http-head-405-get-200	datadog-synthetics	tls_advisory_missed	0		2026-04-29 03:46:22.677805
ccf9fe3888ac56c19f6272ec5d6c1425	headget-20260429-030809Z-http-head-405-get-200	datadog-synthetics	true_positive	0		2026-04-29 03:46:22.677805
ccf9fe3888ac56c19f6272ec5d6c1425	headget-20260429-030809Z-http-head-405-get-200	datadog-synthetics	unknown	0		2026-04-29 03:46:22.677805
ccf9fe3888ac56c19f6272ec5d6c1425	headget-20260429-030809Z-http-head-405-get-200	jetmon-v1	cooldown_suppressed	0		2026-04-29 03:46:22.677805
ccf9fe3888ac56c19f6272ec5d6c1425	headget-20260429-030809Z-http-head-405-get-200	jetmon-v1	cooldown_uncertain	0		2026-04-29 03:46:22.677805
ccf9fe3888ac56c19f6272ec5d6c1425	headget-20260429-030809Z-http-head-405-get-200	jetmon-v1	false_negative	0		2026-04-29 03:46:22.677805
ccf9fe3888ac56c19f6272ec5d6c1425	headget-20260429-030809Z-http-head-405-get-200	jetmon-v1	false_positive	0		2026-04-29 03:46:22.677805
ccf9fe3888ac56c19f6272ec5d6c1425	headget-20260429-030809Z-http-head-405-get-200	jetmon-v1	maintenance_suppressed	0		2026-04-29 03:46:22.677805
ccf9fe3888ac56c19f6272ec5d6c1425	headget-20260429-030809Z-http-head-405-get-200	jetmon-v1	tls_advisory_detected	0		2026-04-29 03:46:22.677805
ccf9fe3888ac56c19f6272ec5d6c1425	headget-20260429-030809Z-http-head-405-get-200	jetmon-v1	tls_advisory_false_outage	0		2026-04-29 03:46:22.677805
ccf9fe3888ac56c19f6272ec5d6c1425	headget-20260429-030809Z-http-head-405-get-200	jetmon-v1	tls_advisory_missed	0		2026-04-29 03:46:22.677805
ccf9fe3888ac56c19f6272ec5d6c1425	headget-20260429-030809Z-http-head-405-get-200	jetmon-v1	true_positive	0		2026-04-29 03:46:22.677805
ccf9fe3888ac56c19f6272ec5d6c1425	headget-20260429-030809Z-http-head-405-get-200	jetmon-v1	unknown	0		2026-04-29 03:46:22.677805
ccf9fe3888ac56c19f6272ec5d6c1425	headget-20260429-030809Z-http-head-405-get-200	jetmon-v2	cooldown_suppressed	0		2026-04-29 03:46:22.677805
ccf9fe3888ac56c19f6272ec5d6c1425	headget-20260429-030809Z-http-head-405-get-200	jetmon-v2	cooldown_uncertain	0		2026-04-29 03:46:22.677805
ccf9fe3888ac56c19f6272ec5d6c1425	headget-20260429-030809Z-http-head-405-get-200	jetmon-v2	false_negative	0		2026-04-29 03:46:22.677805
ccf9fe3888ac56c19f6272ec5d6c1425	headget-20260429-030809Z-http-head-405-get-200	jetmon-v2	false_positive	0		2026-04-29 03:46:22.677805
ccf9fe3888ac56c19f6272ec5d6c1425	headget-20260429-030809Z-http-head-405-get-200	jetmon-v2	maintenance_suppressed	0		2026-04-29 03:46:22.677805
ccf9fe3888ac56c19f6272ec5d6c1425	headget-20260429-030809Z-http-head-405-get-200	jetmon-v2	tls_advisory_detected	0		2026-04-29 03:46:22.677805
ccf9fe3888ac56c19f6272ec5d6c1425	headget-20260429-030809Z-http-head-405-get-200	jetmon-v2	tls_advisory_false_outage	0		2026-04-29 03:46:22.677805
ccf9fe3888ac56c19f6272ec5d6c1425	headget-20260429-030809Z-http-head-405-get-200	jetmon-v2	tls_advisory_missed	0		2026-04-29 03:46:22.677805
ccf9fe3888ac56c19f6272ec5d6c1425	headget-20260429-030809Z-http-head-405-get-200	jetmon-v2	true_positive	0		2026-04-29 03:46:22.677805
ccf9fe3888ac56c19f6272ec5d6c1425	headget-20260429-030809Z-http-head-405-get-200	jetmon-v2	unknown	0		2026-04-29 03:46:22.677805
ccf9fe3888ac56c19f6272ec5d6c1425	headget-20260429-030809Z-http-head-405-get-200	pingdom	cooldown_suppressed	0		2026-04-29 03:46:22.677805
ccf9fe3888ac56c19f6272ec5d6c1425	headget-20260429-030809Z-http-head-405-get-200	pingdom	cooldown_uncertain	0		2026-04-29 03:46:22.677805
ccf9fe3888ac56c19f6272ec5d6c1425	headget-20260429-030809Z-http-head-405-get-200	pingdom	false_negative	0		2026-04-29 03:46:22.677805
ccf9fe3888ac56c19f6272ec5d6c1425	headget-20260429-030809Z-http-head-405-get-200	pingdom	false_positive	0		2026-04-29 03:46:22.677805
ccf9fe3888ac56c19f6272ec5d6c1425	headget-20260429-030809Z-http-head-405-get-200	pingdom	maintenance_suppressed	0		2026-04-29 03:46:22.677805
ccf9fe3888ac56c19f6272ec5d6c1425	headget-20260429-030809Z-http-head-405-get-200	pingdom	tls_advisory_detected	0		2026-04-29 03:46:22.677805
ccf9fe3888ac56c19f6272ec5d6c1425	headget-20260429-030809Z-http-head-405-get-200	pingdom	tls_advisory_false_outage	0		2026-04-29 03:46:22.677805
ccf9fe3888ac56c19f6272ec5d6c1425	headget-20260429-030809Z-http-head-405-get-200	pingdom	tls_advisory_missed	0		2026-04-29 03:46:22.677805
ccf9fe3888ac56c19f6272ec5d6c1425	headget-20260429-030809Z-http-head-405-get-200	pingdom	true_positive	0		2026-04-29 03:46:22.677805
ccf9fe3888ac56c19f6272ec5d6c1425	headget-20260429-030809Z-http-head-405-get-200	pingdom	unknown	0		2026-04-29 03:46:22.677805
ccf9fe3888ac56c19f6272ec5d6c1425	headget-20260429-030809Z-http-head-405-get-200	uptimerobot	cooldown_suppressed	0		2026-04-29 03:46:22.677805
ccf9fe3888ac56c19f6272ec5d6c1425	headget-20260429-030809Z-http-head-405-get-200	uptimerobot	cooldown_uncertain	0		2026-04-29 03:46:22.677805
ccf9fe3888ac56c19f6272ec5d6c1425	headget-20260429-030809Z-http-head-405-get-200	uptimerobot	false_negative	0		2026-04-29 03:46:22.677805
ccf9fe3888ac56c19f6272ec5d6c1425	headget-20260429-030809Z-http-head-405-get-200	uptimerobot	false_positive	1		2026-04-29 03:46:22.677805
ccf9fe3888ac56c19f6272ec5d6c1425	headget-20260429-030809Z-http-head-405-get-200	uptimerobot	maintenance_suppressed	0		2026-04-29 03:46:22.677805
ccf9fe3888ac56c19f6272ec5d6c1425	headget-20260429-030809Z-http-head-405-get-200	uptimerobot	tls_advisory_detected	0		2026-04-29 03:46:22.677805
ccf9fe3888ac56c19f6272ec5d6c1425	headget-20260429-030809Z-http-head-405-get-200	uptimerobot	tls_advisory_false_outage	0		2026-04-29 03:46:22.677805
ccf9fe3888ac56c19f6272ec5d6c1425	headget-20260429-030809Z-http-head-405-get-200	uptimerobot	tls_advisory_missed	0		2026-04-29 03:46:22.677805
ccf9fe3888ac56c19f6272ec5d6c1425	headget-20260429-030809Z-http-head-405-get-200	uptimerobot	true_positive	0		2026-04-29 03:46:22.677805
ccf9fe3888ac56c19f6272ec5d6c1425	headget-20260429-030809Z-http-head-405-get-200	uptimerobot	unknown	0		2026-04-29 03:46:22.677805
e4b3a4b2a6db3c2d5a7a2bde755df530	headget-20260429-030809Z-http-head-200-get-503	better-uptime	cooldown_suppressed	0		2026-04-29 04:09:27.912496
e4b3a4b2a6db3c2d5a7a2bde755df530	headget-20260429-030809Z-http-head-200-get-503	better-uptime	cooldown_uncertain	0		2026-04-29 04:09:27.912496
e4b3a4b2a6db3c2d5a7a2bde755df530	headget-20260429-030809Z-http-head-200-get-503	better-uptime	detection_latency_s	3.945986		2026-04-29 04:09:27.912496
e4b3a4b2a6db3c2d5a7a2bde755df530	headget-20260429-030809Z-http-head-200-get-503	better-uptime	false_negative	0		2026-04-29 04:09:27.912496
e4b3a4b2a6db3c2d5a7a2bde755df530	headget-20260429-030809Z-http-head-200-get-503	better-uptime	false_positive	0		2026-04-29 04:09:27.912496
e4b3a4b2a6db3c2d5a7a2bde755df530	headget-20260429-030809Z-http-head-200-get-503	better-uptime	maintenance_suppressed	0		2026-04-29 04:09:27.912496
e4b3a4b2a6db3c2d5a7a2bde755df530	headget-20260429-030809Z-http-head-200-get-503	better-uptime	tls_advisory_detected	0		2026-04-29 04:09:27.912496
e4b3a4b2a6db3c2d5a7a2bde755df530	headget-20260429-030809Z-http-head-200-get-503	better-uptime	tls_advisory_false_outage	0		2026-04-29 04:09:27.912496
e4b3a4b2a6db3c2d5a7a2bde755df530	headget-20260429-030809Z-http-head-200-get-503	better-uptime	tls_advisory_missed	0		2026-04-29 04:09:27.912496
e4b3a4b2a6db3c2d5a7a2bde755df530	headget-20260429-030809Z-http-head-200-get-503	better-uptime	true_positive	1		2026-04-29 04:09:27.912496
e4b3a4b2a6db3c2d5a7a2bde755df530	headget-20260429-030809Z-http-head-200-get-503	better-uptime	unknown	0		2026-04-29 04:09:27.912496
e4b3a4b2a6db3c2d5a7a2bde755df530	headget-20260429-030809Z-http-head-200-get-503	datadog-synthetics	cooldown_suppressed	0		2026-04-29 04:09:27.912496
e4b3a4b2a6db3c2d5a7a2bde755df530	headget-20260429-030809Z-http-head-200-get-503	datadog-synthetics	cooldown_uncertain	0		2026-04-29 04:09:27.912496
e4b3a4b2a6db3c2d5a7a2bde755df530	headget-20260429-030809Z-http-head-200-get-503	datadog-synthetics	detection_latency_s	300.864986		2026-04-29 04:09:27.912496
e4b3a4b2a6db3c2d5a7a2bde755df530	headget-20260429-030809Z-http-head-200-get-503	datadog-synthetics	false_negative	0		2026-04-29 04:09:27.912496
e4b3a4b2a6db3c2d5a7a2bde755df530	headget-20260429-030809Z-http-head-200-get-503	datadog-synthetics	false_positive	0		2026-04-29 04:09:27.912496
e4b3a4b2a6db3c2d5a7a2bde755df530	headget-20260429-030809Z-http-head-200-get-503	datadog-synthetics	maintenance_suppressed	0		2026-04-29 04:09:27.912496
e4b3a4b2a6db3c2d5a7a2bde755df530	headget-20260429-030809Z-http-head-200-get-503	datadog-synthetics	tls_advisory_detected	0		2026-04-29 04:09:27.912496
e4b3a4b2a6db3c2d5a7a2bde755df530	headget-20260429-030809Z-http-head-200-get-503	datadog-synthetics	tls_advisory_false_outage	0		2026-04-29 04:09:27.912496
e4b3a4b2a6db3c2d5a7a2bde755df530	headget-20260429-030809Z-http-head-200-get-503	datadog-synthetics	tls_advisory_missed	0		2026-04-29 04:09:27.912496
e4b3a4b2a6db3c2d5a7a2bde755df530	headget-20260429-030809Z-http-head-200-get-503	datadog-synthetics	true_positive	1		2026-04-29 04:09:27.912496
e4b3a4b2a6db3c2d5a7a2bde755df530	headget-20260429-030809Z-http-head-200-get-503	datadog-synthetics	unknown	0		2026-04-29 04:09:27.912496
e4b3a4b2a6db3c2d5a7a2bde755df530	headget-20260429-030809Z-http-head-200-get-503	jetmon-v1	cooldown_suppressed	0		2026-04-29 04:09:27.912496
e4b3a4b2a6db3c2d5a7a2bde755df530	headget-20260429-030809Z-http-head-200-get-503	jetmon-v1	cooldown_uncertain	0		2026-04-29 04:09:27.912496
e4b3a4b2a6db3c2d5a7a2bde755df530	headget-20260429-030809Z-http-head-200-get-503	jetmon-v1	false_negative	1		2026-04-29 04:09:27.912496
e4b3a4b2a6db3c2d5a7a2bde755df530	headget-20260429-030809Z-http-head-200-get-503	jetmon-v1	false_positive	0		2026-04-29 04:09:27.912496
e4b3a4b2a6db3c2d5a7a2bde755df530	headget-20260429-030809Z-http-head-200-get-503	jetmon-v1	maintenance_suppressed	0		2026-04-29 04:09:27.912496
e4b3a4b2a6db3c2d5a7a2bde755df530	headget-20260429-030809Z-http-head-200-get-503	jetmon-v1	tls_advisory_detected	0		2026-04-29 04:09:27.912496
e4b3a4b2a6db3c2d5a7a2bde755df530	headget-20260429-030809Z-http-head-200-get-503	jetmon-v1	tls_advisory_false_outage	0		2026-04-29 04:09:27.912496
e4b3a4b2a6db3c2d5a7a2bde755df530	headget-20260429-030809Z-http-head-200-get-503	jetmon-v1	tls_advisory_missed	0		2026-04-29 04:09:27.912496
e4b3a4b2a6db3c2d5a7a2bde755df530	headget-20260429-030809Z-http-head-200-get-503	jetmon-v1	true_positive	0		2026-04-29 04:09:27.912496
e4b3a4b2a6db3c2d5a7a2bde755df530	headget-20260429-030809Z-http-head-200-get-503	jetmon-v1	unknown	0		2026-04-29 04:09:27.912496
e4b3a4b2a6db3c2d5a7a2bde755df530	headget-20260429-030809Z-http-head-200-get-503	jetmon-v2	cooldown_suppressed	0		2026-04-29 04:09:27.912496
e4b3a4b2a6db3c2d5a7a2bde755df530	headget-20260429-030809Z-http-head-200-get-503	jetmon-v2	cooldown_uncertain	0		2026-04-29 04:09:27.912496
e4b3a4b2a6db3c2d5a7a2bde755df530	headget-20260429-030809Z-http-head-200-get-503	jetmon-v2	detection_latency_s	83.623986		2026-04-29 04:09:27.912496
e4b3a4b2a6db3c2d5a7a2bde755df530	headget-20260429-030809Z-http-head-200-get-503	jetmon-v2	false_negative	0		2026-04-29 04:09:27.912496
e4b3a4b2a6db3c2d5a7a2bde755df530	headget-20260429-030809Z-http-head-200-get-503	jetmon-v2	false_positive	0		2026-04-29 04:09:27.912496
e4b3a4b2a6db3c2d5a7a2bde755df530	headget-20260429-030809Z-http-head-200-get-503	jetmon-v2	maintenance_suppressed	0		2026-04-29 04:09:27.912496
e4b3a4b2a6db3c2d5a7a2bde755df530	headget-20260429-030809Z-http-head-200-get-503	jetmon-v2	tls_advisory_detected	0		2026-04-29 04:09:27.912496
e4b3a4b2a6db3c2d5a7a2bde755df530	headget-20260429-030809Z-http-head-200-get-503	jetmon-v2	tls_advisory_false_outage	0		2026-04-29 04:09:27.912496
e4b3a4b2a6db3c2d5a7a2bde755df530	headget-20260429-030809Z-http-head-200-get-503	jetmon-v2	tls_advisory_missed	0		2026-04-29 04:09:27.912496
e4b3a4b2a6db3c2d5a7a2bde755df530	headget-20260429-030809Z-http-head-200-get-503	jetmon-v2	true_positive	1		2026-04-29 04:09:27.912496
e4b3a4b2a6db3c2d5a7a2bde755df530	headget-20260429-030809Z-http-head-200-get-503	jetmon-v2	unknown	0		2026-04-29 04:09:27.912496
e4b3a4b2a6db3c2d5a7a2bde755df530	headget-20260429-030809Z-http-head-200-get-503	pingdom	cooldown_suppressed	0		2026-04-29 04:09:27.912496
e4b3a4b2a6db3c2d5a7a2bde755df530	headget-20260429-030809Z-http-head-200-get-503	pingdom	cooldown_uncertain	0		2026-04-29 04:09:27.912496
e4b3a4b2a6db3c2d5a7a2bde755df530	headget-20260429-030809Z-http-head-200-get-503	pingdom	detection_latency_s	325.844986		2026-04-29 04:09:27.912496
e4b3a4b2a6db3c2d5a7a2bde755df530	headget-20260429-030809Z-http-head-200-get-503	pingdom	false_negative	0		2026-04-29 04:09:27.912496
e4b3a4b2a6db3c2d5a7a2bde755df530	headget-20260429-030809Z-http-head-200-get-503	pingdom	false_positive	0		2026-04-29 04:09:27.912496
e4b3a4b2a6db3c2d5a7a2bde755df530	headget-20260429-030809Z-http-head-200-get-503	pingdom	maintenance_suppressed	0		2026-04-29 04:09:27.912496
e4b3a4b2a6db3c2d5a7a2bde755df530	headget-20260429-030809Z-http-head-200-get-503	pingdom	tls_advisory_detected	0		2026-04-29 04:09:27.912496
e4b3a4b2a6db3c2d5a7a2bde755df530	headget-20260429-030809Z-http-head-200-get-503	pingdom	tls_advisory_false_outage	0		2026-04-29 04:09:27.912496
e4b3a4b2a6db3c2d5a7a2bde755df530	headget-20260429-030809Z-http-head-200-get-503	pingdom	tls_advisory_missed	0		2026-04-29 04:09:27.912496
e4b3a4b2a6db3c2d5a7a2bde755df530	headget-20260429-030809Z-http-head-200-get-503	pingdom	true_positive	1		2026-04-29 04:09:27.912496
e4b3a4b2a6db3c2d5a7a2bde755df530	headget-20260429-030809Z-http-head-200-get-503	pingdom	unknown	0		2026-04-29 04:09:27.912496
e4b3a4b2a6db3c2d5a7a2bde755df530	headget-20260429-030809Z-http-head-200-get-503	uptimerobot	cooldown_suppressed	0		2026-04-29 04:09:27.912496
e4b3a4b2a6db3c2d5a7a2bde755df530	headget-20260429-030809Z-http-head-200-get-503	uptimerobot	cooldown_uncertain	0		2026-04-29 04:09:27.912496
e4b3a4b2a6db3c2d5a7a2bde755df530	headget-20260429-030809Z-http-head-200-get-503	uptimerobot	false_negative	1		2026-04-29 04:09:27.912496
e4b3a4b2a6db3c2d5a7a2bde755df530	headget-20260429-030809Z-http-head-200-get-503	uptimerobot	false_positive	0		2026-04-29 04:09:27.912496
e4b3a4b2a6db3c2d5a7a2bde755df530	headget-20260429-030809Z-http-head-200-get-503	uptimerobot	maintenance_suppressed	0		2026-04-29 04:09:27.912496
e4b3a4b2a6db3c2d5a7a2bde755df530	headget-20260429-030809Z-http-head-200-get-503	uptimerobot	tls_advisory_detected	0		2026-04-29 04:09:27.912496
e4b3a4b2a6db3c2d5a7a2bde755df530	headget-20260429-030809Z-http-head-200-get-503	uptimerobot	tls_advisory_false_outage	0		2026-04-29 04:09:27.912496
e4b3a4b2a6db3c2d5a7a2bde755df530	headget-20260429-030809Z-http-head-200-get-503	uptimerobot	tls_advisory_missed	0		2026-04-29 04:09:27.912496
e4b3a4b2a6db3c2d5a7a2bde755df530	headget-20260429-030809Z-http-head-200-get-503	uptimerobot	true_positive	0		2026-04-29 04:09:27.912496
e4b3a4b2a6db3c2d5a7a2bde755df530	headget-20260429-030809Z-http-head-200-get-503	uptimerobot	unknown	0		2026-04-29 04:09:27.912496
50f07c4d3adb2ba7696f8ff2dbab9531	headget-20260429-030809Z-http-head-timeout-get-200	better-uptime	cooldown_suppressed	0		2026-04-29 04:33:02.541769
50f07c4d3adb2ba7696f8ff2dbab9531	headget-20260429-030809Z-http-head-timeout-get-200	better-uptime	cooldown_uncertain	0		2026-04-29 04:33:02.541769
50f07c4d3adb2ba7696f8ff2dbab9531	headget-20260429-030809Z-http-head-timeout-get-200	better-uptime	false_negative	1		2026-04-29 04:33:02.541769
50f07c4d3adb2ba7696f8ff2dbab9531	headget-20260429-030809Z-http-head-timeout-get-200	better-uptime	false_positive	0		2026-04-29 04:33:02.541769
50f07c4d3adb2ba7696f8ff2dbab9531	headget-20260429-030809Z-http-head-timeout-get-200	better-uptime	maintenance_suppressed	0		2026-04-29 04:33:02.541769
50f07c4d3adb2ba7696f8ff2dbab9531	headget-20260429-030809Z-http-head-timeout-get-200	better-uptime	tls_advisory_detected	0		2026-04-29 04:33:02.541769
50f07c4d3adb2ba7696f8ff2dbab9531	headget-20260429-030809Z-http-head-timeout-get-200	better-uptime	tls_advisory_false_outage	0		2026-04-29 04:33:02.541769
50f07c4d3adb2ba7696f8ff2dbab9531	headget-20260429-030809Z-http-head-timeout-get-200	better-uptime	tls_advisory_missed	0		2026-04-29 04:33:02.541769
50f07c4d3adb2ba7696f8ff2dbab9531	headget-20260429-030809Z-http-head-timeout-get-200	better-uptime	true_positive	0		2026-04-29 04:33:02.541769
50f07c4d3adb2ba7696f8ff2dbab9531	headget-20260429-030809Z-http-head-timeout-get-200	better-uptime	unknown	0		2026-04-29 04:33:02.541769
50f07c4d3adb2ba7696f8ff2dbab9531	headget-20260429-030809Z-http-head-timeout-get-200	datadog-synthetics	cooldown_suppressed	0		2026-04-29 04:33:02.541769
50f07c4d3adb2ba7696f8ff2dbab9531	headget-20260429-030809Z-http-head-timeout-get-200	datadog-synthetics	cooldown_uncertain	0		2026-04-29 04:33:02.541769
50f07c4d3adb2ba7696f8ff2dbab9531	headget-20260429-030809Z-http-head-timeout-get-200	datadog-synthetics	false_negative	1		2026-04-29 04:33:02.541769
50f07c4d3adb2ba7696f8ff2dbab9531	headget-20260429-030809Z-http-head-timeout-get-200	datadog-synthetics	false_positive	0		2026-04-29 04:33:02.541769
50f07c4d3adb2ba7696f8ff2dbab9531	headget-20260429-030809Z-http-head-timeout-get-200	datadog-synthetics	maintenance_suppressed	0		2026-04-29 04:33:02.541769
50f07c4d3adb2ba7696f8ff2dbab9531	headget-20260429-030809Z-http-head-timeout-get-200	datadog-synthetics	tls_advisory_detected	0		2026-04-29 04:33:02.541769
50f07c4d3adb2ba7696f8ff2dbab9531	headget-20260429-030809Z-http-head-timeout-get-200	datadog-synthetics	tls_advisory_false_outage	0		2026-04-29 04:33:02.541769
50f07c4d3adb2ba7696f8ff2dbab9531	headget-20260429-030809Z-http-head-timeout-get-200	datadog-synthetics	tls_advisory_missed	0		2026-04-29 04:33:02.541769
50f07c4d3adb2ba7696f8ff2dbab9531	headget-20260429-030809Z-http-head-timeout-get-200	datadog-synthetics	true_positive	0		2026-04-29 04:33:02.541769
50f07c4d3adb2ba7696f8ff2dbab9531	headget-20260429-030809Z-http-head-timeout-get-200	datadog-synthetics	unknown	0		2026-04-29 04:33:02.541769
50f07c4d3adb2ba7696f8ff2dbab9531	headget-20260429-030809Z-http-head-timeout-get-200	jetmon-v1	cooldown_suppressed	0		2026-04-29 04:33:02.541769
50f07c4d3adb2ba7696f8ff2dbab9531	headget-20260429-030809Z-http-head-timeout-get-200	jetmon-v1	cooldown_uncertain	0		2026-04-29 04:33:02.541769
50f07c4d3adb2ba7696f8ff2dbab9531	headget-20260429-030809Z-http-head-timeout-get-200	jetmon-v1	false_negative	1		2026-04-29 04:33:02.541769
50f07c4d3adb2ba7696f8ff2dbab9531	headget-20260429-030809Z-http-head-timeout-get-200	jetmon-v1	false_positive	0		2026-04-29 04:33:02.541769
50f07c4d3adb2ba7696f8ff2dbab9531	headget-20260429-030809Z-http-head-timeout-get-200	jetmon-v1	maintenance_suppressed	0		2026-04-29 04:33:02.541769
50f07c4d3adb2ba7696f8ff2dbab9531	headget-20260429-030809Z-http-head-timeout-get-200	jetmon-v1	tls_advisory_detected	0		2026-04-29 04:33:02.541769
50f07c4d3adb2ba7696f8ff2dbab9531	headget-20260429-030809Z-http-head-timeout-get-200	jetmon-v1	tls_advisory_false_outage	0		2026-04-29 04:33:02.541769
50f07c4d3adb2ba7696f8ff2dbab9531	headget-20260429-030809Z-http-head-timeout-get-200	jetmon-v1	tls_advisory_missed	0		2026-04-29 04:33:02.541769
50f07c4d3adb2ba7696f8ff2dbab9531	headget-20260429-030809Z-http-head-timeout-get-200	jetmon-v1	true_positive	0		2026-04-29 04:33:02.541769
50f07c4d3adb2ba7696f8ff2dbab9531	headget-20260429-030809Z-http-head-timeout-get-200	jetmon-v1	unknown	0		2026-04-29 04:33:02.541769
50f07c4d3adb2ba7696f8ff2dbab9531	headget-20260429-030809Z-http-head-timeout-get-200	jetmon-v2	cooldown_suppressed	0		2026-04-29 04:33:02.541769
50f07c4d3adb2ba7696f8ff2dbab9531	headget-20260429-030809Z-http-head-timeout-get-200	jetmon-v2	cooldown_uncertain	0		2026-04-29 04:33:02.541769
50f07c4d3adb2ba7696f8ff2dbab9531	headget-20260429-030809Z-http-head-timeout-get-200	jetmon-v2	false_negative	1		2026-04-29 04:33:02.541769
50f07c4d3adb2ba7696f8ff2dbab9531	headget-20260429-030809Z-http-head-timeout-get-200	jetmon-v2	false_positive	0		2026-04-29 04:33:02.541769
50f07c4d3adb2ba7696f8ff2dbab9531	headget-20260429-030809Z-http-head-timeout-get-200	jetmon-v2	maintenance_suppressed	0		2026-04-29 04:33:02.541769
50f07c4d3adb2ba7696f8ff2dbab9531	headget-20260429-030809Z-http-head-timeout-get-200	jetmon-v2	tls_advisory_detected	0		2026-04-29 04:33:02.541769
50f07c4d3adb2ba7696f8ff2dbab9531	headget-20260429-030809Z-http-head-timeout-get-200	jetmon-v2	tls_advisory_false_outage	0		2026-04-29 04:33:02.541769
50f07c4d3adb2ba7696f8ff2dbab9531	headget-20260429-030809Z-http-head-timeout-get-200	jetmon-v2	tls_advisory_missed	0		2026-04-29 04:33:02.541769
50f07c4d3adb2ba7696f8ff2dbab9531	headget-20260429-030809Z-http-head-timeout-get-200	jetmon-v2	true_positive	0		2026-04-29 04:33:02.541769
50f07c4d3adb2ba7696f8ff2dbab9531	headget-20260429-030809Z-http-head-timeout-get-200	jetmon-v2	unknown	0		2026-04-29 04:33:02.541769
50f07c4d3adb2ba7696f8ff2dbab9531	headget-20260429-030809Z-http-head-timeout-get-200	pingdom	cooldown_suppressed	0		2026-04-29 04:33:02.541769
50f07c4d3adb2ba7696f8ff2dbab9531	headget-20260429-030809Z-http-head-timeout-get-200	pingdom	cooldown_uncertain	0		2026-04-29 04:33:02.541769
50f07c4d3adb2ba7696f8ff2dbab9531	headget-20260429-030809Z-http-head-timeout-get-200	pingdom	false_negative	1		2026-04-29 04:33:02.541769
50f07c4d3adb2ba7696f8ff2dbab9531	headget-20260429-030809Z-http-head-timeout-get-200	pingdom	false_positive	0		2026-04-29 04:33:02.541769
50f07c4d3adb2ba7696f8ff2dbab9531	headget-20260429-030809Z-http-head-timeout-get-200	pingdom	maintenance_suppressed	0		2026-04-29 04:33:02.541769
50f07c4d3adb2ba7696f8ff2dbab9531	headget-20260429-030809Z-http-head-timeout-get-200	pingdom	tls_advisory_detected	0		2026-04-29 04:33:02.541769
50f07c4d3adb2ba7696f8ff2dbab9531	headget-20260429-030809Z-http-head-timeout-get-200	pingdom	tls_advisory_false_outage	0		2026-04-29 04:33:02.541769
50f07c4d3adb2ba7696f8ff2dbab9531	headget-20260429-030809Z-http-head-timeout-get-200	pingdom	tls_advisory_missed	0		2026-04-29 04:33:02.541769
50f07c4d3adb2ba7696f8ff2dbab9531	headget-20260429-030809Z-http-head-timeout-get-200	pingdom	true_positive	0		2026-04-29 04:33:02.541769
50f07c4d3adb2ba7696f8ff2dbab9531	headget-20260429-030809Z-http-head-timeout-get-200	pingdom	unknown	0		2026-04-29 04:33:02.541769
11f4764aa17f97e63b47faca92385cc9	headget-20260429-030809Z-http-head-200-get-timeout	better-uptime	cooldown_suppressed	0		2026-04-29 04:56:08.932645
11f4764aa17f97e63b47faca92385cc9	headget-20260429-030809Z-http-head-200-get-timeout	better-uptime	cooldown_uncertain	0		2026-04-29 04:56:08.932645
11f4764aa17f97e63b47faca92385cc9	headget-20260429-030809Z-http-head-200-get-timeout	better-uptime	detection_latency_s	32.444243		2026-04-29 04:56:08.932645
11f4764aa17f97e63b47faca92385cc9	headget-20260429-030809Z-http-head-200-get-timeout	better-uptime	false_negative	0		2026-04-29 04:56:08.932645
11f4764aa17f97e63b47faca92385cc9	headget-20260429-030809Z-http-head-200-get-timeout	better-uptime	false_positive	0		2026-04-29 04:56:08.932645
11f4764aa17f97e63b47faca92385cc9	headget-20260429-030809Z-http-head-200-get-timeout	better-uptime	maintenance_suppressed	0		2026-04-29 04:56:08.932645
11f4764aa17f97e63b47faca92385cc9	headget-20260429-030809Z-http-head-200-get-timeout	better-uptime	tls_advisory_detected	0		2026-04-29 04:56:08.932645
11f4764aa17f97e63b47faca92385cc9	headget-20260429-030809Z-http-head-200-get-timeout	better-uptime	tls_advisory_false_outage	0		2026-04-29 04:56:08.932645
11f4764aa17f97e63b47faca92385cc9	headget-20260429-030809Z-http-head-200-get-timeout	better-uptime	tls_advisory_missed	0		2026-04-29 04:56:08.932645
11f4764aa17f97e63b47faca92385cc9	headget-20260429-030809Z-http-head-200-get-timeout	better-uptime	true_positive	1		2026-04-29 04:56:08.932645
11f4764aa17f97e63b47faca92385cc9	headget-20260429-030809Z-http-head-200-get-timeout	better-uptime	unknown	0		2026-04-29 04:56:08.932645
11f4764aa17f97e63b47faca92385cc9	headget-20260429-030809Z-http-head-200-get-timeout	datadog-synthetics	cooldown_suppressed	0		2026-04-29 04:56:08.932645
11f4764aa17f97e63b47faca92385cc9	headget-20260429-030809Z-http-head-200-get-timeout	datadog-synthetics	cooldown_uncertain	0		2026-04-29 04:56:08.932645
11f4764aa17f97e63b47faca92385cc9	headget-20260429-030809Z-http-head-200-get-timeout	datadog-synthetics	detection_latency_s	300.538243		2026-04-29 04:56:08.932645
11f4764aa17f97e63b47faca92385cc9	headget-20260429-030809Z-http-head-200-get-timeout	datadog-synthetics	false_negative	0		2026-04-29 04:56:08.932645
11f4764aa17f97e63b47faca92385cc9	headget-20260429-030809Z-http-head-200-get-timeout	datadog-synthetics	false_positive	0		2026-04-29 04:56:08.932645
11f4764aa17f97e63b47faca92385cc9	headget-20260429-030809Z-http-head-200-get-timeout	datadog-synthetics	maintenance_suppressed	0		2026-04-29 04:56:08.932645
11f4764aa17f97e63b47faca92385cc9	headget-20260429-030809Z-http-head-200-get-timeout	datadog-synthetics	tls_advisory_detected	0		2026-04-29 04:56:08.932645
11f4764aa17f97e63b47faca92385cc9	headget-20260429-030809Z-http-head-200-get-timeout	datadog-synthetics	tls_advisory_false_outage	0		2026-04-29 04:56:08.932645
11f4764aa17f97e63b47faca92385cc9	headget-20260429-030809Z-http-head-200-get-timeout	datadog-synthetics	tls_advisory_missed	0		2026-04-29 04:56:08.932645
11f4764aa17f97e63b47faca92385cc9	headget-20260429-030809Z-http-head-200-get-timeout	datadog-synthetics	true_positive	1		2026-04-29 04:56:08.932645
11f4764aa17f97e63b47faca92385cc9	headget-20260429-030809Z-http-head-200-get-timeout	datadog-synthetics	unknown	0		2026-04-29 04:56:08.932645
11f4764aa17f97e63b47faca92385cc9	headget-20260429-030809Z-http-head-200-get-timeout	jetmon-v1	cooldown_suppressed	0		2026-04-29 04:56:08.932645
11f4764aa17f97e63b47faca92385cc9	headget-20260429-030809Z-http-head-200-get-timeout	jetmon-v1	cooldown_uncertain	0		2026-04-29 04:56:08.932645
11f4764aa17f97e63b47faca92385cc9	headget-20260429-030809Z-http-head-200-get-timeout	jetmon-v1	false_negative	1		2026-04-29 04:56:08.932645
11f4764aa17f97e63b47faca92385cc9	headget-20260429-030809Z-http-head-200-get-timeout	jetmon-v1	false_positive	0		2026-04-29 04:56:08.932645
11f4764aa17f97e63b47faca92385cc9	headget-20260429-030809Z-http-head-200-get-timeout	jetmon-v1	maintenance_suppressed	0		2026-04-29 04:56:08.932645
11f4764aa17f97e63b47faca92385cc9	headget-20260429-030809Z-http-head-200-get-timeout	jetmon-v1	tls_advisory_detected	0		2026-04-29 04:56:08.932645
11f4764aa17f97e63b47faca92385cc9	headget-20260429-030809Z-http-head-200-get-timeout	jetmon-v1	tls_advisory_false_outage	0		2026-04-29 04:56:08.932645
11f4764aa17f97e63b47faca92385cc9	headget-20260429-030809Z-http-head-200-get-timeout	jetmon-v1	tls_advisory_missed	0		2026-04-29 04:56:08.932645
11f4764aa17f97e63b47faca92385cc9	headget-20260429-030809Z-http-head-200-get-timeout	jetmon-v1	true_positive	0		2026-04-29 04:56:08.932645
11f4764aa17f97e63b47faca92385cc9	headget-20260429-030809Z-http-head-200-get-timeout	jetmon-v1	unknown	0		2026-04-29 04:56:08.932645
11f4764aa17f97e63b47faca92385cc9	headget-20260429-030809Z-http-head-200-get-timeout	jetmon-v2	cooldown_suppressed	0		2026-04-29 04:56:08.932645
11f4764aa17f97e63b47faca92385cc9	headget-20260429-030809Z-http-head-200-get-timeout	jetmon-v2	cooldown_uncertain	0		2026-04-29 04:56:08.932645
11f4764aa17f97e63b47faca92385cc9	headget-20260429-030809Z-http-head-200-get-timeout	jetmon-v2	detection_latency_s	288.740243		2026-04-29 04:56:08.932645
11f4764aa17f97e63b47faca92385cc9	headget-20260429-030809Z-http-head-200-get-timeout	jetmon-v2	false_negative	0		2026-04-29 04:56:08.932645
11f4764aa17f97e63b47faca92385cc9	headget-20260429-030809Z-http-head-200-get-timeout	jetmon-v2	false_positive	0		2026-04-29 04:56:08.932645
11f4764aa17f97e63b47faca92385cc9	headget-20260429-030809Z-http-head-200-get-timeout	jetmon-v2	maintenance_suppressed	0		2026-04-29 04:56:08.932645
11f4764aa17f97e63b47faca92385cc9	headget-20260429-030809Z-http-head-200-get-timeout	jetmon-v2	tls_advisory_detected	0		2026-04-29 04:56:08.932645
11f4764aa17f97e63b47faca92385cc9	headget-20260429-030809Z-http-head-200-get-timeout	jetmon-v2	tls_advisory_false_outage	0		2026-04-29 04:56:08.932645
11f4764aa17f97e63b47faca92385cc9	headget-20260429-030809Z-http-head-200-get-timeout	jetmon-v2	tls_advisory_missed	0		2026-04-29 04:56:08.932645
11f4764aa17f97e63b47faca92385cc9	headget-20260429-030809Z-http-head-200-get-timeout	jetmon-v2	true_positive	1		2026-04-29 04:56:08.932645
11f4764aa17f97e63b47faca92385cc9	headget-20260429-030809Z-http-head-200-get-timeout	jetmon-v2	unknown	0		2026-04-29 04:56:08.932645
11f4764aa17f97e63b47faca92385cc9	headget-20260429-030809Z-http-head-200-get-timeout	pingdom	cooldown_suppressed	0		2026-04-29 04:56:08.932645
11f4764aa17f97e63b47faca92385cc9	headget-20260429-030809Z-http-head-200-get-timeout	pingdom	cooldown_uncertain	0		2026-04-29 04:56:08.932645
11f4764aa17f97e63b47faca92385cc9	headget-20260429-030809Z-http-head-200-get-timeout	pingdom	detection_latency_s	394.048243		2026-04-29 04:56:08.932645
11f4764aa17f97e63b47faca92385cc9	headget-20260429-030809Z-http-head-200-get-timeout	pingdom	false_negative	0		2026-04-29 04:56:08.932645
11f4764aa17f97e63b47faca92385cc9	headget-20260429-030809Z-http-head-200-get-timeout	pingdom	false_positive	0		2026-04-29 04:56:08.932645
11f4764aa17f97e63b47faca92385cc9	headget-20260429-030809Z-http-head-200-get-timeout	pingdom	maintenance_suppressed	0		2026-04-29 04:56:08.932645
11f4764aa17f97e63b47faca92385cc9	headget-20260429-030809Z-http-head-200-get-timeout	pingdom	tls_advisory_detected	0		2026-04-29 04:56:08.932645
11f4764aa17f97e63b47faca92385cc9	headget-20260429-030809Z-http-head-200-get-timeout	pingdom	tls_advisory_false_outage	0		2026-04-29 04:56:08.932645
11f4764aa17f97e63b47faca92385cc9	headget-20260429-030809Z-http-head-200-get-timeout	pingdom	tls_advisory_missed	0		2026-04-29 04:56:08.932645
11f4764aa17f97e63b47faca92385cc9	headget-20260429-030809Z-http-head-200-get-timeout	pingdom	true_positive	1		2026-04-29 04:56:08.932645
11f4764aa17f97e63b47faca92385cc9	headget-20260429-030809Z-http-head-200-get-timeout	pingdom	unknown	0		2026-04-29 04:56:08.932645
a0215d249f03a2e3df8da361acd570a6	headget-20260429-030809Z-http-head-200-get-redirect-loop	better-uptime	cooldown_suppressed	0		2026-04-29 05:19:14.475939
a0215d249f03a2e3df8da361acd570a6	headget-20260429-030809Z-http-head-200-get-redirect-loop	better-uptime	cooldown_uncertain	0		2026-04-29 05:19:14.475939
a0215d249f03a2e3df8da361acd570a6	headget-20260429-030809Z-http-head-200-get-redirect-loop	better-uptime	detection_latency_s	16.292024		2026-04-29 05:19:14.475939
a0215d249f03a2e3df8da361acd570a6	headget-20260429-030809Z-http-head-200-get-redirect-loop	better-uptime	false_negative	0		2026-04-29 05:19:14.475939
a0215d249f03a2e3df8da361acd570a6	headget-20260429-030809Z-http-head-200-get-redirect-loop	better-uptime	false_positive	0		2026-04-29 05:19:14.475939
a0215d249f03a2e3df8da361acd570a6	headget-20260429-030809Z-http-head-200-get-redirect-loop	better-uptime	maintenance_suppressed	0		2026-04-29 05:19:14.475939
a0215d249f03a2e3df8da361acd570a6	headget-20260429-030809Z-http-head-200-get-redirect-loop	better-uptime	tls_advisory_detected	0		2026-04-29 05:19:14.475939
a0215d249f03a2e3df8da361acd570a6	headget-20260429-030809Z-http-head-200-get-redirect-loop	better-uptime	tls_advisory_false_outage	0		2026-04-29 05:19:14.475939
a0215d249f03a2e3df8da361acd570a6	headget-20260429-030809Z-http-head-200-get-redirect-loop	better-uptime	tls_advisory_missed	0		2026-04-29 05:19:14.475939
a0215d249f03a2e3df8da361acd570a6	headget-20260429-030809Z-http-head-200-get-redirect-loop	better-uptime	true_positive	1		2026-04-29 05:19:14.475939
a0215d249f03a2e3df8da361acd570a6	headget-20260429-030809Z-http-head-200-get-redirect-loop	better-uptime	unknown	0		2026-04-29 05:19:14.475939
a0215d249f03a2e3df8da361acd570a6	headget-20260429-030809Z-http-head-200-get-redirect-loop	datadog-synthetics	cooldown_suppressed	0		2026-04-29 05:19:14.475939
a0215d249f03a2e3df8da361acd570a6	headget-20260429-030809Z-http-head-200-get-redirect-loop	datadog-synthetics	cooldown_uncertain	0		2026-04-29 05:19:14.475939
a0215d249f03a2e3df8da361acd570a6	headget-20260429-030809Z-http-head-200-get-redirect-loop	datadog-synthetics	detection_latency_s	300.563024		2026-04-29 05:19:14.475939
a0215d249f03a2e3df8da361acd570a6	headget-20260429-030809Z-http-head-200-get-redirect-loop	datadog-synthetics	false_negative	0		2026-04-29 05:19:14.475939
a0215d249f03a2e3df8da361acd570a6	headget-20260429-030809Z-http-head-200-get-redirect-loop	datadog-synthetics	false_positive	0		2026-04-29 05:19:14.475939
a0215d249f03a2e3df8da361acd570a6	headget-20260429-030809Z-http-head-200-get-redirect-loop	datadog-synthetics	maintenance_suppressed	0		2026-04-29 05:19:14.475939
a0215d249f03a2e3df8da361acd570a6	headget-20260429-030809Z-http-head-200-get-redirect-loop	datadog-synthetics	tls_advisory_detected	0		2026-04-29 05:19:14.475939
a0215d249f03a2e3df8da361acd570a6	headget-20260429-030809Z-http-head-200-get-redirect-loop	datadog-synthetics	tls_advisory_false_outage	0		2026-04-29 05:19:14.475939
a0215d249f03a2e3df8da361acd570a6	headget-20260429-030809Z-http-head-200-get-redirect-loop	datadog-synthetics	tls_advisory_missed	0		2026-04-29 05:19:14.475939
a0215d249f03a2e3df8da361acd570a6	headget-20260429-030809Z-http-head-200-get-redirect-loop	datadog-synthetics	true_positive	1		2026-04-29 05:19:14.475939
a0215d249f03a2e3df8da361acd570a6	headget-20260429-030809Z-http-head-200-get-redirect-loop	datadog-synthetics	unknown	0		2026-04-29 05:19:14.475939
a0215d249f03a2e3df8da361acd570a6	headget-20260429-030809Z-http-head-200-get-redirect-loop	jetmon-v1	cooldown_suppressed	0		2026-04-29 05:19:14.475939
a0215d249f03a2e3df8da361acd570a6	headget-20260429-030809Z-http-head-200-get-redirect-loop	jetmon-v1	cooldown_uncertain	0		2026-04-29 05:19:14.475939
a0215d249f03a2e3df8da361acd570a6	headget-20260429-030809Z-http-head-200-get-redirect-loop	jetmon-v1	false_negative	1		2026-04-29 05:19:14.475939
a0215d249f03a2e3df8da361acd570a6	headget-20260429-030809Z-http-head-200-get-redirect-loop	jetmon-v1	false_positive	0		2026-04-29 05:19:14.475939
a0215d249f03a2e3df8da361acd570a6	headget-20260429-030809Z-http-head-200-get-redirect-loop	jetmon-v1	maintenance_suppressed	0		2026-04-29 05:19:14.475939
a0215d249f03a2e3df8da361acd570a6	headget-20260429-030809Z-http-head-200-get-redirect-loop	jetmon-v1	tls_advisory_detected	0		2026-04-29 05:19:14.475939
a0215d249f03a2e3df8da361acd570a6	headget-20260429-030809Z-http-head-200-get-redirect-loop	jetmon-v1	tls_advisory_false_outage	0		2026-04-29 05:19:14.475939
a0215d249f03a2e3df8da361acd570a6	headget-20260429-030809Z-http-head-200-get-redirect-loop	jetmon-v1	tls_advisory_missed	0		2026-04-29 05:19:14.475939
a0215d249f03a2e3df8da361acd570a6	headget-20260429-030809Z-http-head-200-get-redirect-loop	jetmon-v1	true_positive	0		2026-04-29 05:19:14.475939
a0215d249f03a2e3df8da361acd570a6	headget-20260429-030809Z-http-head-200-get-redirect-loop	jetmon-v1	unknown	0		2026-04-29 05:19:14.475939
a0215d249f03a2e3df8da361acd570a6	headget-20260429-030809Z-http-head-200-get-redirect-loop	jetmon-v2	cooldown_suppressed	0		2026-04-29 05:19:14.475939
a0215d249f03a2e3df8da361acd570a6	headget-20260429-030809Z-http-head-200-get-redirect-loop	jetmon-v2	cooldown_uncertain	0		2026-04-29 05:19:14.475939
a0215d249f03a2e3df8da361acd570a6	headget-20260429-030809Z-http-head-200-get-redirect-loop	jetmon-v2	detection_latency_s	98.620024		2026-04-29 05:19:14.475939
a0215d249f03a2e3df8da361acd570a6	headget-20260429-030809Z-http-head-200-get-redirect-loop	jetmon-v2	false_negative	0		2026-04-29 05:19:14.475939
a0215d249f03a2e3df8da361acd570a6	headget-20260429-030809Z-http-head-200-get-redirect-loop	jetmon-v2	false_positive	0		2026-04-29 05:19:14.475939
a0215d249f03a2e3df8da361acd570a6	headget-20260429-030809Z-http-head-200-get-redirect-loop	jetmon-v2	maintenance_suppressed	0		2026-04-29 05:19:14.475939
a0215d249f03a2e3df8da361acd570a6	headget-20260429-030809Z-http-head-200-get-redirect-loop	jetmon-v2	tls_advisory_detected	0		2026-04-29 05:19:14.475939
a0215d249f03a2e3df8da361acd570a6	headget-20260429-030809Z-http-head-200-get-redirect-loop	jetmon-v2	tls_advisory_false_outage	0		2026-04-29 05:19:14.475939
a0215d249f03a2e3df8da361acd570a6	headget-20260429-030809Z-http-head-200-get-redirect-loop	jetmon-v2	tls_advisory_missed	0		2026-04-29 05:19:14.475939
a0215d249f03a2e3df8da361acd570a6	headget-20260429-030809Z-http-head-200-get-redirect-loop	jetmon-v2	true_positive	1		2026-04-29 05:19:14.475939
a0215d249f03a2e3df8da361acd570a6	headget-20260429-030809Z-http-head-200-get-redirect-loop	jetmon-v2	unknown	0		2026-04-29 05:19:14.475939
a0215d249f03a2e3df8da361acd570a6	headget-20260429-030809Z-http-head-200-get-redirect-loop	pingdom	cooldown_suppressed	0		2026-04-29 05:19:14.475939
a0215d249f03a2e3df8da361acd570a6	headget-20260429-030809Z-http-head-200-get-redirect-loop	pingdom	cooldown_uncertain	0		2026-04-29 05:19:14.475939
a0215d249f03a2e3df8da361acd570a6	headget-20260429-030809Z-http-head-200-get-redirect-loop	pingdom	detection_latency_s	262.878024		2026-04-29 05:19:14.475939
a0215d249f03a2e3df8da361acd570a6	headget-20260429-030809Z-http-head-200-get-redirect-loop	pingdom	false_negative	0		2026-04-29 05:19:14.475939
a0215d249f03a2e3df8da361acd570a6	headget-20260429-030809Z-http-head-200-get-redirect-loop	pingdom	false_positive	0		2026-04-29 05:19:14.475939
a0215d249f03a2e3df8da361acd570a6	headget-20260429-030809Z-http-head-200-get-redirect-loop	pingdom	maintenance_suppressed	0		2026-04-29 05:19:14.475939
a0215d249f03a2e3df8da361acd570a6	headget-20260429-030809Z-http-head-200-get-redirect-loop	pingdom	tls_advisory_detected	0		2026-04-29 05:19:14.475939
a0215d249f03a2e3df8da361acd570a6	headget-20260429-030809Z-http-head-200-get-redirect-loop	pingdom	tls_advisory_false_outage	0		2026-04-29 05:19:14.475939
a0215d249f03a2e3df8da361acd570a6	headget-20260429-030809Z-http-head-200-get-redirect-loop	pingdom	tls_advisory_missed	0		2026-04-29 05:19:14.475939
a0215d249f03a2e3df8da361acd570a6	headget-20260429-030809Z-http-head-200-get-redirect-loop	pingdom	true_positive	1		2026-04-29 05:19:14.475939
a0215d249f03a2e3df8da361acd570a6	headget-20260429-030809Z-http-head-200-get-redirect-loop	pingdom	unknown	0		2026-04-29 05:19:14.475939
b82d38d321e174aa0af161f2fa389d60	headget-20260429-030809Z-http-head-200-get-partial	better-uptime	cooldown_suppressed	0		2026-04-29 05:42:19.712495
b82d38d321e174aa0af161f2fa389d60	headget-20260429-030809Z-http-head-200-get-partial	better-uptime	cooldown_uncertain	0		2026-04-29 05:42:19.712495
b82d38d321e174aa0af161f2fa389d60	headget-20260429-030809Z-http-head-200-get-partial	better-uptime	false_negative	1		2026-04-29 05:42:19.712495
b82d38d321e174aa0af161f2fa389d60	headget-20260429-030809Z-http-head-200-get-partial	better-uptime	false_positive	0		2026-04-29 05:42:19.712495
b82d38d321e174aa0af161f2fa389d60	headget-20260429-030809Z-http-head-200-get-partial	better-uptime	maintenance_suppressed	0		2026-04-29 05:42:19.712495
b82d38d321e174aa0af161f2fa389d60	headget-20260429-030809Z-http-head-200-get-partial	better-uptime	tls_advisory_detected	0		2026-04-29 05:42:19.712495
b82d38d321e174aa0af161f2fa389d60	headget-20260429-030809Z-http-head-200-get-partial	better-uptime	tls_advisory_false_outage	0		2026-04-29 05:42:19.712495
b82d38d321e174aa0af161f2fa389d60	headget-20260429-030809Z-http-head-200-get-partial	better-uptime	tls_advisory_missed	0		2026-04-29 05:42:19.712495
b82d38d321e174aa0af161f2fa389d60	headget-20260429-030809Z-http-head-200-get-partial	better-uptime	true_positive	0		2026-04-29 05:42:19.712495
b82d38d321e174aa0af161f2fa389d60	headget-20260429-030809Z-http-head-200-get-partial	better-uptime	unknown	0		2026-04-29 05:42:19.712495
b82d38d321e174aa0af161f2fa389d60	headget-20260429-030809Z-http-head-200-get-partial	datadog-synthetics	cooldown_suppressed	0		2026-04-29 05:42:19.712495
b82d38d321e174aa0af161f2fa389d60	headget-20260429-030809Z-http-head-200-get-partial	datadog-synthetics	cooldown_uncertain	0		2026-04-29 05:42:19.712495
b82d38d321e174aa0af161f2fa389d60	headget-20260429-030809Z-http-head-200-get-partial	datadog-synthetics	detection_latency_s	300.713315		2026-04-29 05:42:19.712495
b82d38d321e174aa0af161f2fa389d60	headget-20260429-030809Z-http-head-200-get-partial	datadog-synthetics	false_negative	0		2026-04-29 05:42:19.712495
b82d38d321e174aa0af161f2fa389d60	headget-20260429-030809Z-http-head-200-get-partial	datadog-synthetics	false_positive	0		2026-04-29 05:42:19.712495
b82d38d321e174aa0af161f2fa389d60	headget-20260429-030809Z-http-head-200-get-partial	datadog-synthetics	maintenance_suppressed	0		2026-04-29 05:42:19.712495
b82d38d321e174aa0af161f2fa389d60	headget-20260429-030809Z-http-head-200-get-partial	datadog-synthetics	tls_advisory_detected	0		2026-04-29 05:42:19.712495
b82d38d321e174aa0af161f2fa389d60	headget-20260429-030809Z-http-head-200-get-partial	datadog-synthetics	tls_advisory_false_outage	0		2026-04-29 05:42:19.712495
b82d38d321e174aa0af161f2fa389d60	headget-20260429-030809Z-http-head-200-get-partial	datadog-synthetics	tls_advisory_missed	0		2026-04-29 05:42:19.712495
b82d38d321e174aa0af161f2fa389d60	headget-20260429-030809Z-http-head-200-get-partial	datadog-synthetics	true_positive	1		2026-04-29 05:42:19.712495
b82d38d321e174aa0af161f2fa389d60	headget-20260429-030809Z-http-head-200-get-partial	datadog-synthetics	unknown	0		2026-04-29 05:42:19.712495
b82d38d321e174aa0af161f2fa389d60	headget-20260429-030809Z-http-head-200-get-partial	jetmon-v1	cooldown_suppressed	0		2026-04-29 05:42:19.712495
b82d38d321e174aa0af161f2fa389d60	headget-20260429-030809Z-http-head-200-get-partial	jetmon-v1	cooldown_uncertain	0		2026-04-29 05:42:19.712495
b82d38d321e174aa0af161f2fa389d60	headget-20260429-030809Z-http-head-200-get-partial	jetmon-v1	false_negative	1		2026-04-29 05:42:19.712495
b82d38d321e174aa0af161f2fa389d60	headget-20260429-030809Z-http-head-200-get-partial	jetmon-v1	false_positive	0		2026-04-29 05:42:19.712495
b82d38d321e174aa0af161f2fa389d60	headget-20260429-030809Z-http-head-200-get-partial	jetmon-v1	maintenance_suppressed	0		2026-04-29 05:42:19.712495
b82d38d321e174aa0af161f2fa389d60	headget-20260429-030809Z-http-head-200-get-partial	jetmon-v1	tls_advisory_detected	0		2026-04-29 05:42:19.712495
b82d38d321e174aa0af161f2fa389d60	headget-20260429-030809Z-http-head-200-get-partial	jetmon-v1	tls_advisory_false_outage	0		2026-04-29 05:42:19.712495
b82d38d321e174aa0af161f2fa389d60	headget-20260429-030809Z-http-head-200-get-partial	jetmon-v1	tls_advisory_missed	0		2026-04-29 05:42:19.712495
b82d38d321e174aa0af161f2fa389d60	headget-20260429-030809Z-http-head-200-get-partial	jetmon-v1	true_positive	0		2026-04-29 05:42:19.712495
b82d38d321e174aa0af161f2fa389d60	headget-20260429-030809Z-http-head-200-get-partial	jetmon-v1	unknown	0		2026-04-29 05:42:19.712495
b82d38d321e174aa0af161f2fa389d60	headget-20260429-030809Z-http-head-200-get-partial	jetmon-v2	cooldown_suppressed	0		2026-04-29 05:42:19.712495
b82d38d321e174aa0af161f2fa389d60	headget-20260429-030809Z-http-head-200-get-partial	jetmon-v2	cooldown_uncertain	0		2026-04-29 05:42:19.712495
b82d38d321e174aa0af161f2fa389d60	headget-20260429-030809Z-http-head-200-get-partial	jetmon-v2	false_negative	1		2026-04-29 05:42:19.712495
b82d38d321e174aa0af161f2fa389d60	headget-20260429-030809Z-http-head-200-get-partial	jetmon-v2	false_positive	0		2026-04-29 05:42:19.712495
b82d38d321e174aa0af161f2fa389d60	headget-20260429-030809Z-http-head-200-get-partial	jetmon-v2	maintenance_suppressed	0		2026-04-29 05:42:19.712495
b82d38d321e174aa0af161f2fa389d60	headget-20260429-030809Z-http-head-200-get-partial	jetmon-v2	tls_advisory_detected	0		2026-04-29 05:42:19.712495
b82d38d321e174aa0af161f2fa389d60	headget-20260429-030809Z-http-head-200-get-partial	jetmon-v2	tls_advisory_false_outage	0		2026-04-29 05:42:19.712495
b82d38d321e174aa0af161f2fa389d60	headget-20260429-030809Z-http-head-200-get-partial	jetmon-v2	tls_advisory_missed	0		2026-04-29 05:42:19.712495
b82d38d321e174aa0af161f2fa389d60	headget-20260429-030809Z-http-head-200-get-partial	jetmon-v2	true_positive	0		2026-04-29 05:42:19.712495
b82d38d321e174aa0af161f2fa389d60	headget-20260429-030809Z-http-head-200-get-partial	jetmon-v2	unknown	0		2026-04-29 05:42:19.712495
b82d38d321e174aa0af161f2fa389d60	headget-20260429-030809Z-http-head-200-get-partial	pingdom	cooldown_suppressed	0		2026-04-29 05:42:19.712495
b82d38d321e174aa0af161f2fa389d60	headget-20260429-030809Z-http-head-200-get-partial	pingdom	cooldown_uncertain	0		2026-04-29 05:42:19.712495
b82d38d321e174aa0af161f2fa389d60	headget-20260429-030809Z-http-head-200-get-partial	pingdom	false_negative	1		2026-04-29 05:42:19.712495
b82d38d321e174aa0af161f2fa389d60	headget-20260429-030809Z-http-head-200-get-partial	pingdom	false_positive	0		2026-04-29 05:42:19.712495
b82d38d321e174aa0af161f2fa389d60	headget-20260429-030809Z-http-head-200-get-partial	pingdom	maintenance_suppressed	0		2026-04-29 05:42:19.712495
b82d38d321e174aa0af161f2fa389d60	headget-20260429-030809Z-http-head-200-get-partial	pingdom	tls_advisory_detected	0		2026-04-29 05:42:19.712495
b82d38d321e174aa0af161f2fa389d60	headget-20260429-030809Z-http-head-200-get-partial	pingdom	tls_advisory_false_outage	0		2026-04-29 05:42:19.712495
b82d38d321e174aa0af161f2fa389d60	headget-20260429-030809Z-http-head-200-get-partial	pingdom	tls_advisory_missed	0		2026-04-29 05:42:19.712495
b82d38d321e174aa0af161f2fa389d60	headget-20260429-030809Z-http-head-200-get-partial	pingdom	true_positive	0		2026-04-29 05:42:19.712495
b82d38d321e174aa0af161f2fa389d60	headget-20260429-030809Z-http-head-200-get-partial	pingdom	unknown	0		2026-04-29 05:42:19.712495
bab8f2f126441dc38087e661c13e5b2f	headget-20260429-030809Z-http-head-200-get-503	better-uptime	cooldown_suppressed	0		2026-04-29 06:05:25.089801
bab8f2f126441dc38087e661c13e5b2f	headget-20260429-030809Z-http-head-200-get-503	better-uptime	cooldown_uncertain	0		2026-04-29 06:05:25.089801
bab8f2f126441dc38087e661c13e5b2f	headget-20260429-030809Z-http-head-200-get-503	better-uptime	detection_latency_s	4.970713		2026-04-29 06:05:25.089801
bab8f2f126441dc38087e661c13e5b2f	headget-20260429-030809Z-http-head-200-get-503	better-uptime	false_negative	0		2026-04-29 06:05:25.089801
bab8f2f126441dc38087e661c13e5b2f	headget-20260429-030809Z-http-head-200-get-503	better-uptime	false_positive	0		2026-04-29 06:05:25.089801
bab8f2f126441dc38087e661c13e5b2f	headget-20260429-030809Z-http-head-200-get-503	better-uptime	maintenance_suppressed	0		2026-04-29 06:05:25.089801
bab8f2f126441dc38087e661c13e5b2f	headget-20260429-030809Z-http-head-200-get-503	better-uptime	tls_advisory_detected	0		2026-04-29 06:05:25.089801
bab8f2f126441dc38087e661c13e5b2f	headget-20260429-030809Z-http-head-200-get-503	better-uptime	tls_advisory_false_outage	0		2026-04-29 06:05:25.089801
bab8f2f126441dc38087e661c13e5b2f	headget-20260429-030809Z-http-head-200-get-503	better-uptime	tls_advisory_missed	0		2026-04-29 06:05:25.089801
bab8f2f126441dc38087e661c13e5b2f	headget-20260429-030809Z-http-head-200-get-503	better-uptime	true_positive	1		2026-04-29 06:05:25.089801
bab8f2f126441dc38087e661c13e5b2f	headget-20260429-030809Z-http-head-200-get-503	better-uptime	unknown	0		2026-04-29 06:05:25.089801
bab8f2f126441dc38087e661c13e5b2f	headget-20260429-030809Z-http-head-200-get-503	datadog-synthetics	cooldown_suppressed	0		2026-04-29 06:05:25.089801
bab8f2f126441dc38087e661c13e5b2f	headget-20260429-030809Z-http-head-200-get-503	datadog-synthetics	cooldown_uncertain	0		2026-04-29 06:05:25.089801
bab8f2f126441dc38087e661c13e5b2f	headget-20260429-030809Z-http-head-200-get-503	datadog-synthetics	detection_latency_s	300.380713		2026-04-29 06:05:25.089801
bab8f2f126441dc38087e661c13e5b2f	headget-20260429-030809Z-http-head-200-get-503	datadog-synthetics	false_negative	0		2026-04-29 06:05:25.089801
bab8f2f126441dc38087e661c13e5b2f	headget-20260429-030809Z-http-head-200-get-503	datadog-synthetics	false_positive	0		2026-04-29 06:05:25.089801
bab8f2f126441dc38087e661c13e5b2f	headget-20260429-030809Z-http-head-200-get-503	datadog-synthetics	maintenance_suppressed	0		2026-04-29 06:05:25.089801
bab8f2f126441dc38087e661c13e5b2f	headget-20260429-030809Z-http-head-200-get-503	datadog-synthetics	tls_advisory_detected	0		2026-04-29 06:05:25.089801
bab8f2f126441dc38087e661c13e5b2f	headget-20260429-030809Z-http-head-200-get-503	datadog-synthetics	tls_advisory_false_outage	0		2026-04-29 06:05:25.089801
bab8f2f126441dc38087e661c13e5b2f	headget-20260429-030809Z-http-head-200-get-503	datadog-synthetics	tls_advisory_missed	0		2026-04-29 06:05:25.089801
bab8f2f126441dc38087e661c13e5b2f	headget-20260429-030809Z-http-head-200-get-503	datadog-synthetics	true_positive	1		2026-04-29 06:05:25.089801
bab8f2f126441dc38087e661c13e5b2f	headget-20260429-030809Z-http-head-200-get-503	datadog-synthetics	unknown	0		2026-04-29 06:05:25.089801
bab8f2f126441dc38087e661c13e5b2f	headget-20260429-030809Z-http-head-200-get-503	jetmon-v1	cooldown_suppressed	0		2026-04-29 06:05:25.089801
bab8f2f126441dc38087e661c13e5b2f	headget-20260429-030809Z-http-head-200-get-503	jetmon-v1	cooldown_uncertain	0		2026-04-29 06:05:25.089801
bab8f2f126441dc38087e661c13e5b2f	headget-20260429-030809Z-http-head-200-get-503	jetmon-v1	false_negative	1		2026-04-29 06:05:25.089801
bab8f2f126441dc38087e661c13e5b2f	headget-20260429-030809Z-http-head-200-get-503	jetmon-v1	false_positive	0		2026-04-29 06:05:25.089801
bab8f2f126441dc38087e661c13e5b2f	headget-20260429-030809Z-http-head-200-get-503	jetmon-v1	maintenance_suppressed	0		2026-04-29 06:05:25.089801
bab8f2f126441dc38087e661c13e5b2f	headget-20260429-030809Z-http-head-200-get-503	jetmon-v1	tls_advisory_detected	0		2026-04-29 06:05:25.089801
bab8f2f126441dc38087e661c13e5b2f	headget-20260429-030809Z-http-head-200-get-503	jetmon-v1	tls_advisory_false_outage	0		2026-04-29 06:05:25.089801
bab8f2f126441dc38087e661c13e5b2f	headget-20260429-030809Z-http-head-200-get-503	jetmon-v1	tls_advisory_missed	0		2026-04-29 06:05:25.089801
bab8f2f126441dc38087e661c13e5b2f	headget-20260429-030809Z-http-head-200-get-503	jetmon-v1	true_positive	0		2026-04-29 06:05:25.089801
bab8f2f126441dc38087e661c13e5b2f	headget-20260429-030809Z-http-head-200-get-503	jetmon-v1	unknown	0		2026-04-29 06:05:25.089801
bab8f2f126441dc38087e661c13e5b2f	headget-20260429-030809Z-http-head-200-get-503	jetmon-v2	cooldown_suppressed	0		2026-04-29 06:05:25.089801
bab8f2f126441dc38087e661c13e5b2f	headget-20260429-030809Z-http-head-200-get-503	jetmon-v2	cooldown_uncertain	0		2026-04-29 06:05:25.089801
bab8f2f126441dc38087e661c13e5b2f	headget-20260429-030809Z-http-head-200-get-503	jetmon-v2	detection_latency_s	28.842713		2026-04-29 06:05:25.089801
bab8f2f126441dc38087e661c13e5b2f	headget-20260429-030809Z-http-head-200-get-503	jetmon-v2	false_negative	0		2026-04-29 06:05:25.089801
bab8f2f126441dc38087e661c13e5b2f	headget-20260429-030809Z-http-head-200-get-503	jetmon-v2	false_positive	0		2026-04-29 06:05:25.089801
bab8f2f126441dc38087e661c13e5b2f	headget-20260429-030809Z-http-head-200-get-503	jetmon-v2	maintenance_suppressed	0		2026-04-29 06:05:25.089801
bab8f2f126441dc38087e661c13e5b2f	headget-20260429-030809Z-http-head-200-get-503	jetmon-v2	tls_advisory_detected	0		2026-04-29 06:05:25.089801
bab8f2f126441dc38087e661c13e5b2f	headget-20260429-030809Z-http-head-200-get-503	jetmon-v2	tls_advisory_false_outage	0		2026-04-29 06:05:25.089801
bab8f2f126441dc38087e661c13e5b2f	headget-20260429-030809Z-http-head-200-get-503	jetmon-v2	tls_advisory_missed	0		2026-04-29 06:05:25.089801
bab8f2f126441dc38087e661c13e5b2f	headget-20260429-030809Z-http-head-200-get-503	jetmon-v2	true_positive	1		2026-04-29 06:05:25.089801
bab8f2f126441dc38087e661c13e5b2f	headget-20260429-030809Z-http-head-200-get-503	jetmon-v2	unknown	0		2026-04-29 06:05:25.089801
bab8f2f126441dc38087e661c13e5b2f	headget-20260429-030809Z-http-head-200-get-503	pingdom	cooldown_suppressed	0		2026-04-29 06:05:25.089801
bab8f2f126441dc38087e661c13e5b2f	headget-20260429-030809Z-http-head-200-get-503	pingdom	cooldown_uncertain	0		2026-04-29 06:05:25.089801
bab8f2f126441dc38087e661c13e5b2f	headget-20260429-030809Z-http-head-200-get-503	pingdom	detection_latency_s	226.884713		2026-04-29 06:05:25.089801
bab8f2f126441dc38087e661c13e5b2f	headget-20260429-030809Z-http-head-200-get-503	pingdom	false_negative	0		2026-04-29 06:05:25.089801
bab8f2f126441dc38087e661c13e5b2f	headget-20260429-030809Z-http-head-200-get-503	pingdom	false_positive	0		2026-04-29 06:05:25.089801
bab8f2f126441dc38087e661c13e5b2f	headget-20260429-030809Z-http-head-200-get-503	pingdom	maintenance_suppressed	0		2026-04-29 06:05:25.089801
bab8f2f126441dc38087e661c13e5b2f	headget-20260429-030809Z-http-head-200-get-503	pingdom	tls_advisory_detected	0		2026-04-29 06:05:25.089801
bab8f2f126441dc38087e661c13e5b2f	headget-20260429-030809Z-http-head-200-get-503	pingdom	tls_advisory_false_outage	0		2026-04-29 06:05:25.089801
bab8f2f126441dc38087e661c13e5b2f	headget-20260429-030809Z-http-head-200-get-503	pingdom	tls_advisory_missed	0		2026-04-29 06:05:25.089801
bab8f2f126441dc38087e661c13e5b2f	headget-20260429-030809Z-http-head-200-get-503	pingdom	true_positive	1		2026-04-29 06:05:25.089801
bab8f2f126441dc38087e661c13e5b2f	headget-20260429-030809Z-http-head-200-get-503	pingdom	unknown	0		2026-04-29 06:05:25.089801
9aea589d278929c3982b7562198e8571	headget-20260429-030809Z-http-head-200-get-timeout	better-uptime	cooldown_suppressed	0		2026-04-29 06:28:30.497124
9aea589d278929c3982b7562198e8571	headget-20260429-030809Z-http-head-200-get-timeout	better-uptime	cooldown_uncertain	0		2026-04-29 06:28:30.497124
9aea589d278929c3982b7562198e8571	headget-20260429-030809Z-http-head-200-get-timeout	better-uptime	detection_latency_s	33.999975		2026-04-29 06:28:30.497124
9aea589d278929c3982b7562198e8571	headget-20260429-030809Z-http-head-200-get-timeout	better-uptime	false_negative	0		2026-04-29 06:28:30.497124
9aea589d278929c3982b7562198e8571	headget-20260429-030809Z-http-head-200-get-timeout	better-uptime	false_positive	0		2026-04-29 06:28:30.497124
9aea589d278929c3982b7562198e8571	headget-20260429-030809Z-http-head-200-get-timeout	better-uptime	maintenance_suppressed	0		2026-04-29 06:28:30.497124
9aea589d278929c3982b7562198e8571	headget-20260429-030809Z-http-head-200-get-timeout	better-uptime	tls_advisory_detected	0		2026-04-29 06:28:30.497124
9aea589d278929c3982b7562198e8571	headget-20260429-030809Z-http-head-200-get-timeout	better-uptime	tls_advisory_false_outage	0		2026-04-29 06:28:30.497124
9aea589d278929c3982b7562198e8571	headget-20260429-030809Z-http-head-200-get-timeout	better-uptime	tls_advisory_missed	0		2026-04-29 06:28:30.497124
9aea589d278929c3982b7562198e8571	headget-20260429-030809Z-http-head-200-get-timeout	better-uptime	true_positive	1		2026-04-29 06:28:30.497124
9aea589d278929c3982b7562198e8571	headget-20260429-030809Z-http-head-200-get-timeout	better-uptime	unknown	0		2026-04-29 06:28:30.497124
9aea589d278929c3982b7562198e8571	headget-20260429-030809Z-http-head-200-get-timeout	datadog-synthetics	cooldown_suppressed	0		2026-04-29 06:28:30.497124
9aea589d278929c3982b7562198e8571	headget-20260429-030809Z-http-head-200-get-timeout	datadog-synthetics	cooldown_uncertain	0		2026-04-29 06:28:30.497124
9aea589d278929c3982b7562198e8571	headget-20260429-030809Z-http-head-200-get-timeout	datadog-synthetics	detection_latency_s	300.343975		2026-04-29 06:28:30.497124
9aea589d278929c3982b7562198e8571	headget-20260429-030809Z-http-head-200-get-timeout	datadog-synthetics	false_negative	0		2026-04-29 06:28:30.497124
9aea589d278929c3982b7562198e8571	headget-20260429-030809Z-http-head-200-get-timeout	datadog-synthetics	false_positive	0		2026-04-29 06:28:30.497124
9aea589d278929c3982b7562198e8571	headget-20260429-030809Z-http-head-200-get-timeout	datadog-synthetics	maintenance_suppressed	0		2026-04-29 06:28:30.497124
9aea589d278929c3982b7562198e8571	headget-20260429-030809Z-http-head-200-get-timeout	datadog-synthetics	tls_advisory_detected	0		2026-04-29 06:28:30.497124
9aea589d278929c3982b7562198e8571	headget-20260429-030809Z-http-head-200-get-timeout	datadog-synthetics	tls_advisory_false_outage	0		2026-04-29 06:28:30.497124
9aea589d278929c3982b7562198e8571	headget-20260429-030809Z-http-head-200-get-timeout	datadog-synthetics	tls_advisory_missed	0		2026-04-29 06:28:30.497124
9aea589d278929c3982b7562198e8571	headget-20260429-030809Z-http-head-200-get-timeout	datadog-synthetics	true_positive	1		2026-04-29 06:28:30.497124
9aea589d278929c3982b7562198e8571	headget-20260429-030809Z-http-head-200-get-timeout	datadog-synthetics	unknown	0		2026-04-29 06:28:30.497124
9aea589d278929c3982b7562198e8571	headget-20260429-030809Z-http-head-200-get-timeout	jetmon-v1	cooldown_suppressed	0		2026-04-29 06:28:30.497124
9aea589d278929c3982b7562198e8571	headget-20260429-030809Z-http-head-200-get-timeout	jetmon-v1	cooldown_uncertain	0		2026-04-29 06:28:30.497124
9aea589d278929c3982b7562198e8571	headget-20260429-030809Z-http-head-200-get-timeout	jetmon-v1	false_negative	1		2026-04-29 06:28:30.497124
9aea589d278929c3982b7562198e8571	headget-20260429-030809Z-http-head-200-get-timeout	jetmon-v1	false_positive	0		2026-04-29 06:28:30.497124
9aea589d278929c3982b7562198e8571	headget-20260429-030809Z-http-head-200-get-timeout	jetmon-v1	maintenance_suppressed	0		2026-04-29 06:28:30.497124
9aea589d278929c3982b7562198e8571	headget-20260429-030809Z-http-head-200-get-timeout	jetmon-v1	tls_advisory_detected	0		2026-04-29 06:28:30.497124
9aea589d278929c3982b7562198e8571	headget-20260429-030809Z-http-head-200-get-timeout	jetmon-v1	tls_advisory_false_outage	0		2026-04-29 06:28:30.497124
9aea589d278929c3982b7562198e8571	headget-20260429-030809Z-http-head-200-get-timeout	jetmon-v1	tls_advisory_missed	0		2026-04-29 06:28:30.497124
9aea589d278929c3982b7562198e8571	headget-20260429-030809Z-http-head-200-get-timeout	jetmon-v1	true_positive	0		2026-04-29 06:28:30.497124
9aea589d278929c3982b7562198e8571	headget-20260429-030809Z-http-head-200-get-timeout	jetmon-v1	unknown	0		2026-04-29 06:28:30.497124
9aea589d278929c3982b7562198e8571	headget-20260429-030809Z-http-head-200-get-timeout	jetmon-v2	cooldown_suppressed	0		2026-04-29 06:28:30.497124
9aea589d278929c3982b7562198e8571	headget-20260429-030809Z-http-head-200-get-timeout	jetmon-v2	cooldown_uncertain	0		2026-04-29 06:28:30.497124
9aea589d278929c3982b7562198e8571	headget-20260429-030809Z-http-head-200-get-timeout	jetmon-v2	detection_latency_s	145.848975		2026-04-29 06:28:30.497124
9aea589d278929c3982b7562198e8571	headget-20260429-030809Z-http-head-200-get-timeout	jetmon-v2	false_negative	0		2026-04-29 06:28:30.497124
9aea589d278929c3982b7562198e8571	headget-20260429-030809Z-http-head-200-get-timeout	jetmon-v2	false_positive	0		2026-04-29 06:28:30.497124
9aea589d278929c3982b7562198e8571	headget-20260429-030809Z-http-head-200-get-timeout	jetmon-v2	maintenance_suppressed	0		2026-04-29 06:28:30.497124
9aea589d278929c3982b7562198e8571	headget-20260429-030809Z-http-head-200-get-timeout	jetmon-v2	tls_advisory_detected	0		2026-04-29 06:28:30.497124
9aea589d278929c3982b7562198e8571	headget-20260429-030809Z-http-head-200-get-timeout	jetmon-v2	tls_advisory_false_outage	0		2026-04-29 06:28:30.497124
9aea589d278929c3982b7562198e8571	headget-20260429-030809Z-http-head-200-get-timeout	jetmon-v2	tls_advisory_missed	0		2026-04-29 06:28:30.497124
9aea589d278929c3982b7562198e8571	headget-20260429-030809Z-http-head-200-get-timeout	jetmon-v2	true_positive	1		2026-04-29 06:28:30.497124
9aea589d278929c3982b7562198e8571	headget-20260429-030809Z-http-head-200-get-timeout	jetmon-v2	unknown	0		2026-04-29 06:28:30.497124
9aea589d278929c3982b7562198e8571	headget-20260429-030809Z-http-head-200-get-timeout	pingdom	cooldown_suppressed	0		2026-04-29 06:28:30.497124
9aea589d278929c3982b7562198e8571	headget-20260429-030809Z-http-head-200-get-timeout	pingdom	cooldown_uncertain	0		2026-04-29 06:28:30.497124
9aea589d278929c3982b7562198e8571	headget-20260429-030809Z-http-head-200-get-timeout	pingdom	detection_latency_s	363.160975		2026-04-29 06:28:30.497124
9aea589d278929c3982b7562198e8571	headget-20260429-030809Z-http-head-200-get-timeout	pingdom	false_negative	0		2026-04-29 06:28:30.497124
9aea589d278929c3982b7562198e8571	headget-20260429-030809Z-http-head-200-get-timeout	pingdom	false_positive	0		2026-04-29 06:28:30.497124
9aea589d278929c3982b7562198e8571	headget-20260429-030809Z-http-head-200-get-timeout	pingdom	maintenance_suppressed	0		2026-04-29 06:28:30.497124
9aea589d278929c3982b7562198e8571	headget-20260429-030809Z-http-head-200-get-timeout	pingdom	tls_advisory_detected	0		2026-04-29 06:28:30.497124
9aea589d278929c3982b7562198e8571	headget-20260429-030809Z-http-head-200-get-timeout	pingdom	tls_advisory_false_outage	0		2026-04-29 06:28:30.497124
9aea589d278929c3982b7562198e8571	headget-20260429-030809Z-http-head-200-get-timeout	pingdom	tls_advisory_missed	0		2026-04-29 06:28:30.497124
9aea589d278929c3982b7562198e8571	headget-20260429-030809Z-http-head-200-get-timeout	pingdom	true_positive	1		2026-04-29 06:28:30.497124
9aea589d278929c3982b7562198e8571	headget-20260429-030809Z-http-head-200-get-timeout	pingdom	unknown	0		2026-04-29 06:28:30.497124
093903993b8190fd107850c32e167acd	headget-20260429-030809Z-http-head-405-get-200	better-uptime	cooldown_suppressed	0		2026-04-29 06:51:35.043148
093903993b8190fd107850c32e167acd	headget-20260429-030809Z-http-head-405-get-200	better-uptime	cooldown_uncertain	0		2026-04-29 06:51:35.043148
093903993b8190fd107850c32e167acd	headget-20260429-030809Z-http-head-405-get-200	better-uptime	false_negative	0		2026-04-29 06:51:35.043148
093903993b8190fd107850c32e167acd	headget-20260429-030809Z-http-head-405-get-200	better-uptime	false_positive	0		2026-04-29 06:51:35.043148
093903993b8190fd107850c32e167acd	headget-20260429-030809Z-http-head-405-get-200	better-uptime	maintenance_suppressed	0		2026-04-29 06:51:35.043148
093903993b8190fd107850c32e167acd	headget-20260429-030809Z-http-head-405-get-200	better-uptime	tls_advisory_detected	0		2026-04-29 06:51:35.043148
093903993b8190fd107850c32e167acd	headget-20260429-030809Z-http-head-405-get-200	better-uptime	tls_advisory_false_outage	0		2026-04-29 06:51:35.043148
093903993b8190fd107850c32e167acd	headget-20260429-030809Z-http-head-405-get-200	better-uptime	tls_advisory_missed	0		2026-04-29 06:51:35.043148
093903993b8190fd107850c32e167acd	headget-20260429-030809Z-http-head-405-get-200	better-uptime	true_positive	0		2026-04-29 06:51:35.043148
093903993b8190fd107850c32e167acd	headget-20260429-030809Z-http-head-405-get-200	better-uptime	unknown	0		2026-04-29 06:51:35.043148
093903993b8190fd107850c32e167acd	headget-20260429-030809Z-http-head-405-get-200	datadog-synthetics	cooldown_suppressed	0		2026-04-29 06:51:35.043148
093903993b8190fd107850c32e167acd	headget-20260429-030809Z-http-head-405-get-200	datadog-synthetics	cooldown_uncertain	0		2026-04-29 06:51:35.043148
093903993b8190fd107850c32e167acd	headget-20260429-030809Z-http-head-405-get-200	datadog-synthetics	false_negative	0		2026-04-29 06:51:35.043148
093903993b8190fd107850c32e167acd	headget-20260429-030809Z-http-head-405-get-200	datadog-synthetics	false_positive	0		2026-04-29 06:51:35.043148
093903993b8190fd107850c32e167acd	headget-20260429-030809Z-http-head-405-get-200	datadog-synthetics	maintenance_suppressed	0		2026-04-29 06:51:35.043148
093903993b8190fd107850c32e167acd	headget-20260429-030809Z-http-head-405-get-200	datadog-synthetics	tls_advisory_detected	0		2026-04-29 06:51:35.043148
093903993b8190fd107850c32e167acd	headget-20260429-030809Z-http-head-405-get-200	datadog-synthetics	tls_advisory_false_outage	0		2026-04-29 06:51:35.043148
093903993b8190fd107850c32e167acd	headget-20260429-030809Z-http-head-405-get-200	datadog-synthetics	tls_advisory_missed	0		2026-04-29 06:51:35.043148
093903993b8190fd107850c32e167acd	headget-20260429-030809Z-http-head-405-get-200	datadog-synthetics	true_positive	0		2026-04-29 06:51:35.043148
093903993b8190fd107850c32e167acd	headget-20260429-030809Z-http-head-405-get-200	datadog-synthetics	unknown	0		2026-04-29 06:51:35.043148
093903993b8190fd107850c32e167acd	headget-20260429-030809Z-http-head-405-get-200	jetmon-v1	cooldown_suppressed	0		2026-04-29 06:51:35.043148
093903993b8190fd107850c32e167acd	headget-20260429-030809Z-http-head-405-get-200	jetmon-v1	cooldown_uncertain	0		2026-04-29 06:51:35.043148
093903993b8190fd107850c32e167acd	headget-20260429-030809Z-http-head-405-get-200	jetmon-v1	false_negative	0		2026-04-29 06:51:35.043148
093903993b8190fd107850c32e167acd	headget-20260429-030809Z-http-head-405-get-200	jetmon-v1	false_positive	0		2026-04-29 06:51:35.043148
093903993b8190fd107850c32e167acd	headget-20260429-030809Z-http-head-405-get-200	jetmon-v1	maintenance_suppressed	0		2026-04-29 06:51:35.043148
093903993b8190fd107850c32e167acd	headget-20260429-030809Z-http-head-405-get-200	jetmon-v1	tls_advisory_detected	0		2026-04-29 06:51:35.043148
093903993b8190fd107850c32e167acd	headget-20260429-030809Z-http-head-405-get-200	jetmon-v1	tls_advisory_false_outage	0		2026-04-29 06:51:35.043148
093903993b8190fd107850c32e167acd	headget-20260429-030809Z-http-head-405-get-200	jetmon-v1	tls_advisory_missed	0		2026-04-29 06:51:35.043148
093903993b8190fd107850c32e167acd	headget-20260429-030809Z-http-head-405-get-200	jetmon-v1	true_positive	0		2026-04-29 06:51:35.043148
093903993b8190fd107850c32e167acd	headget-20260429-030809Z-http-head-405-get-200	jetmon-v1	unknown	0		2026-04-29 06:51:35.043148
093903993b8190fd107850c32e167acd	headget-20260429-030809Z-http-head-405-get-200	jetmon-v2	cooldown_suppressed	0		2026-04-29 06:51:35.043148
093903993b8190fd107850c32e167acd	headget-20260429-030809Z-http-head-405-get-200	jetmon-v2	cooldown_uncertain	0		2026-04-29 06:51:35.043148
093903993b8190fd107850c32e167acd	headget-20260429-030809Z-http-head-405-get-200	jetmon-v2	false_negative	0		2026-04-29 06:51:35.043148
093903993b8190fd107850c32e167acd	headget-20260429-030809Z-http-head-405-get-200	jetmon-v2	false_positive	0		2026-04-29 06:51:35.043148
093903993b8190fd107850c32e167acd	headget-20260429-030809Z-http-head-405-get-200	jetmon-v2	maintenance_suppressed	0		2026-04-29 06:51:35.043148
093903993b8190fd107850c32e167acd	headget-20260429-030809Z-http-head-405-get-200	jetmon-v2	tls_advisory_detected	0		2026-04-29 06:51:35.043148
093903993b8190fd107850c32e167acd	headget-20260429-030809Z-http-head-405-get-200	jetmon-v2	tls_advisory_false_outage	0		2026-04-29 06:51:35.043148
093903993b8190fd107850c32e167acd	headget-20260429-030809Z-http-head-405-get-200	jetmon-v2	tls_advisory_missed	0		2026-04-29 06:51:35.043148
093903993b8190fd107850c32e167acd	headget-20260429-030809Z-http-head-405-get-200	jetmon-v2	true_positive	0		2026-04-29 06:51:35.043148
093903993b8190fd107850c32e167acd	headget-20260429-030809Z-http-head-405-get-200	jetmon-v2	unknown	0		2026-04-29 06:51:35.043148
093903993b8190fd107850c32e167acd	headget-20260429-030809Z-http-head-405-get-200	pingdom	cooldown_suppressed	0		2026-04-29 06:51:35.043148
093903993b8190fd107850c32e167acd	headget-20260429-030809Z-http-head-405-get-200	pingdom	cooldown_uncertain	0		2026-04-29 06:51:35.043148
093903993b8190fd107850c32e167acd	headget-20260429-030809Z-http-head-405-get-200	pingdom	false_negative	0		2026-04-29 06:51:35.043148
093903993b8190fd107850c32e167acd	headget-20260429-030809Z-http-head-405-get-200	pingdom	false_positive	0		2026-04-29 06:51:35.043148
093903993b8190fd107850c32e167acd	headget-20260429-030809Z-http-head-405-get-200	pingdom	maintenance_suppressed	0		2026-04-29 06:51:35.043148
093903993b8190fd107850c32e167acd	headget-20260429-030809Z-http-head-405-get-200	pingdom	tls_advisory_detected	0		2026-04-29 06:51:35.043148
093903993b8190fd107850c32e167acd	headget-20260429-030809Z-http-head-405-get-200	pingdom	tls_advisory_false_outage	0		2026-04-29 06:51:35.043148
093903993b8190fd107850c32e167acd	headget-20260429-030809Z-http-head-405-get-200	pingdom	tls_advisory_missed	0		2026-04-29 06:51:35.043148
093903993b8190fd107850c32e167acd	headget-20260429-030809Z-http-head-405-get-200	pingdom	true_positive	0		2026-04-29 06:51:35.043148
093903993b8190fd107850c32e167acd	headget-20260429-030809Z-http-head-405-get-200	pingdom	unknown	0		2026-04-29 06:51:35.043148
4037e8133afd97570d76cb7d86456271	headget-20260429-030809Z-http-head-200-get-partial	better-uptime	cooldown_suppressed	0		2026-04-29 07:14:39.737780
4037e8133afd97570d76cb7d86456271	headget-20260429-030809Z-http-head-200-get-partial	better-uptime	cooldown_uncertain	0		2026-04-29 07:14:39.737780
4037e8133afd97570d76cb7d86456271	headget-20260429-030809Z-http-head-200-get-partial	better-uptime	false_negative	1		2026-04-29 07:14:39.737780
4037e8133afd97570d76cb7d86456271	headget-20260429-030809Z-http-head-200-get-partial	better-uptime	false_positive	0		2026-04-29 07:14:39.737780
4037e8133afd97570d76cb7d86456271	headget-20260429-030809Z-http-head-200-get-partial	better-uptime	maintenance_suppressed	0		2026-04-29 07:14:39.737780
4037e8133afd97570d76cb7d86456271	headget-20260429-030809Z-http-head-200-get-partial	better-uptime	tls_advisory_detected	0		2026-04-29 07:14:39.737780
4037e8133afd97570d76cb7d86456271	headget-20260429-030809Z-http-head-200-get-partial	better-uptime	tls_advisory_false_outage	0		2026-04-29 07:14:39.737780
4037e8133afd97570d76cb7d86456271	headget-20260429-030809Z-http-head-200-get-partial	better-uptime	tls_advisory_missed	0		2026-04-29 07:14:39.737780
4037e8133afd97570d76cb7d86456271	headget-20260429-030809Z-http-head-200-get-partial	better-uptime	true_positive	0		2026-04-29 07:14:39.737780
4037e8133afd97570d76cb7d86456271	headget-20260429-030809Z-http-head-200-get-partial	better-uptime	unknown	0		2026-04-29 07:14:39.737780
4037e8133afd97570d76cb7d86456271	headget-20260429-030809Z-http-head-200-get-partial	datadog-synthetics	cooldown_suppressed	0		2026-04-29 07:14:39.737780
4037e8133afd97570d76cb7d86456271	headget-20260429-030809Z-http-head-200-get-partial	datadog-synthetics	cooldown_uncertain	0		2026-04-29 07:14:39.737780
4037e8133afd97570d76cb7d86456271	headget-20260429-030809Z-http-head-200-get-partial	datadog-synthetics	detection_latency_s	300.786189		2026-04-29 07:14:39.737780
4037e8133afd97570d76cb7d86456271	headget-20260429-030809Z-http-head-200-get-partial	datadog-synthetics	false_negative	0		2026-04-29 07:14:39.737780
4037e8133afd97570d76cb7d86456271	headget-20260429-030809Z-http-head-200-get-partial	datadog-synthetics	false_positive	0		2026-04-29 07:14:39.737780
4037e8133afd97570d76cb7d86456271	headget-20260429-030809Z-http-head-200-get-partial	datadog-synthetics	maintenance_suppressed	0		2026-04-29 07:14:39.737780
4037e8133afd97570d76cb7d86456271	headget-20260429-030809Z-http-head-200-get-partial	datadog-synthetics	tls_advisory_detected	0		2026-04-29 07:14:39.737780
4037e8133afd97570d76cb7d86456271	headget-20260429-030809Z-http-head-200-get-partial	datadog-synthetics	tls_advisory_false_outage	0		2026-04-29 07:14:39.737780
4037e8133afd97570d76cb7d86456271	headget-20260429-030809Z-http-head-200-get-partial	datadog-synthetics	tls_advisory_missed	0		2026-04-29 07:14:39.737780
4037e8133afd97570d76cb7d86456271	headget-20260429-030809Z-http-head-200-get-partial	datadog-synthetics	true_positive	1		2026-04-29 07:14:39.737780
4037e8133afd97570d76cb7d86456271	headget-20260429-030809Z-http-head-200-get-partial	datadog-synthetics	unknown	0		2026-04-29 07:14:39.737780
4037e8133afd97570d76cb7d86456271	headget-20260429-030809Z-http-head-200-get-partial	jetmon-v1	cooldown_suppressed	0		2026-04-29 07:14:39.737780
4037e8133afd97570d76cb7d86456271	headget-20260429-030809Z-http-head-200-get-partial	jetmon-v1	cooldown_uncertain	0		2026-04-29 07:14:39.737780
4037e8133afd97570d76cb7d86456271	headget-20260429-030809Z-http-head-200-get-partial	jetmon-v1	false_negative	1		2026-04-29 07:14:39.737780
4037e8133afd97570d76cb7d86456271	headget-20260429-030809Z-http-head-200-get-partial	jetmon-v1	false_positive	0		2026-04-29 07:14:39.737780
4037e8133afd97570d76cb7d86456271	headget-20260429-030809Z-http-head-200-get-partial	jetmon-v1	maintenance_suppressed	0		2026-04-29 07:14:39.737780
4037e8133afd97570d76cb7d86456271	headget-20260429-030809Z-http-head-200-get-partial	jetmon-v1	tls_advisory_detected	0		2026-04-29 07:14:39.737780
4037e8133afd97570d76cb7d86456271	headget-20260429-030809Z-http-head-200-get-partial	jetmon-v1	tls_advisory_false_outage	0		2026-04-29 07:14:39.737780
4037e8133afd97570d76cb7d86456271	headget-20260429-030809Z-http-head-200-get-partial	jetmon-v1	tls_advisory_missed	0		2026-04-29 07:14:39.737780
4037e8133afd97570d76cb7d86456271	headget-20260429-030809Z-http-head-200-get-partial	jetmon-v1	true_positive	0		2026-04-29 07:14:39.737780
4037e8133afd97570d76cb7d86456271	headget-20260429-030809Z-http-head-200-get-partial	jetmon-v1	unknown	0		2026-04-29 07:14:39.737780
4037e8133afd97570d76cb7d86456271	headget-20260429-030809Z-http-head-200-get-partial	jetmon-v2	cooldown_suppressed	0		2026-04-29 07:14:39.737780
4037e8133afd97570d76cb7d86456271	headget-20260429-030809Z-http-head-200-get-partial	jetmon-v2	cooldown_uncertain	0		2026-04-29 07:14:39.737780
4037e8133afd97570d76cb7d86456271	headget-20260429-030809Z-http-head-200-get-partial	jetmon-v2	false_negative	1		2026-04-29 07:14:39.737780
4037e8133afd97570d76cb7d86456271	headget-20260429-030809Z-http-head-200-get-partial	jetmon-v2	false_positive	0		2026-04-29 07:14:39.737780
4037e8133afd97570d76cb7d86456271	headget-20260429-030809Z-http-head-200-get-partial	jetmon-v2	maintenance_suppressed	0		2026-04-29 07:14:39.737780
4037e8133afd97570d76cb7d86456271	headget-20260429-030809Z-http-head-200-get-partial	jetmon-v2	tls_advisory_detected	0		2026-04-29 07:14:39.737780
4037e8133afd97570d76cb7d86456271	headget-20260429-030809Z-http-head-200-get-partial	jetmon-v2	tls_advisory_false_outage	0		2026-04-29 07:14:39.737780
4037e8133afd97570d76cb7d86456271	headget-20260429-030809Z-http-head-200-get-partial	jetmon-v2	tls_advisory_missed	0		2026-04-29 07:14:39.737780
4037e8133afd97570d76cb7d86456271	headget-20260429-030809Z-http-head-200-get-partial	jetmon-v2	true_positive	0		2026-04-29 07:14:39.737780
4037e8133afd97570d76cb7d86456271	headget-20260429-030809Z-http-head-200-get-partial	jetmon-v2	unknown	0		2026-04-29 07:14:39.737780
4037e8133afd97570d76cb7d86456271	headget-20260429-030809Z-http-head-200-get-partial	pingdom	cooldown_suppressed	0		2026-04-29 07:14:39.737780
4037e8133afd97570d76cb7d86456271	headget-20260429-030809Z-http-head-200-get-partial	pingdom	cooldown_uncertain	0		2026-04-29 07:14:39.737780
4037e8133afd97570d76cb7d86456271	headget-20260429-030809Z-http-head-200-get-partial	pingdom	false_negative	1		2026-04-29 07:14:39.737780
4037e8133afd97570d76cb7d86456271	headget-20260429-030809Z-http-head-200-get-partial	pingdom	false_positive	0		2026-04-29 07:14:39.737780
4037e8133afd97570d76cb7d86456271	headget-20260429-030809Z-http-head-200-get-partial	pingdom	maintenance_suppressed	0		2026-04-29 07:14:39.737780
4037e8133afd97570d76cb7d86456271	headget-20260429-030809Z-http-head-200-get-partial	pingdom	tls_advisory_detected	0		2026-04-29 07:14:39.737780
4037e8133afd97570d76cb7d86456271	headget-20260429-030809Z-http-head-200-get-partial	pingdom	tls_advisory_false_outage	0		2026-04-29 07:14:39.737780
4037e8133afd97570d76cb7d86456271	headget-20260429-030809Z-http-head-200-get-partial	pingdom	tls_advisory_missed	0		2026-04-29 07:14:39.737780
4037e8133afd97570d76cb7d86456271	headget-20260429-030809Z-http-head-200-get-partial	pingdom	true_positive	0		2026-04-29 07:14:39.737780
4037e8133afd97570d76cb7d86456271	headget-20260429-030809Z-http-head-200-get-partial	pingdom	unknown	0		2026-04-29 07:14:39.737780
095688a38590a72406f1efa61e9ec786	headget-20260429-030809Z-http-head-timeout-get-200	better-uptime	cooldown_suppressed	0		2026-04-29 07:37:44.606511
095688a38590a72406f1efa61e9ec786	headget-20260429-030809Z-http-head-timeout-get-200	better-uptime	cooldown_uncertain	0		2026-04-29 07:37:44.606511
095688a38590a72406f1efa61e9ec786	headget-20260429-030809Z-http-head-timeout-get-200	better-uptime	false_negative	1		2026-04-29 07:37:44.606511
095688a38590a72406f1efa61e9ec786	headget-20260429-030809Z-http-head-timeout-get-200	better-uptime	false_positive	0		2026-04-29 07:37:44.606511
095688a38590a72406f1efa61e9ec786	headget-20260429-030809Z-http-head-timeout-get-200	better-uptime	maintenance_suppressed	0		2026-04-29 07:37:44.606511
095688a38590a72406f1efa61e9ec786	headget-20260429-030809Z-http-head-timeout-get-200	better-uptime	tls_advisory_detected	0		2026-04-29 07:37:44.606511
095688a38590a72406f1efa61e9ec786	headget-20260429-030809Z-http-head-timeout-get-200	better-uptime	tls_advisory_false_outage	0		2026-04-29 07:37:44.606511
095688a38590a72406f1efa61e9ec786	headget-20260429-030809Z-http-head-timeout-get-200	better-uptime	tls_advisory_missed	0		2026-04-29 07:37:44.606511
095688a38590a72406f1efa61e9ec786	headget-20260429-030809Z-http-head-timeout-get-200	better-uptime	true_positive	0		2026-04-29 07:37:44.606511
095688a38590a72406f1efa61e9ec786	headget-20260429-030809Z-http-head-timeout-get-200	better-uptime	unknown	0		2026-04-29 07:37:44.606511
095688a38590a72406f1efa61e9ec786	headget-20260429-030809Z-http-head-timeout-get-200	datadog-synthetics	cooldown_suppressed	0		2026-04-29 07:37:44.606511
095688a38590a72406f1efa61e9ec786	headget-20260429-030809Z-http-head-timeout-get-200	datadog-synthetics	cooldown_uncertain	0		2026-04-29 07:37:44.606511
095688a38590a72406f1efa61e9ec786	headget-20260429-030809Z-http-head-timeout-get-200	datadog-synthetics	false_negative	1		2026-04-29 07:37:44.606511
095688a38590a72406f1efa61e9ec786	headget-20260429-030809Z-http-head-timeout-get-200	datadog-synthetics	false_positive	0		2026-04-29 07:37:44.606511
095688a38590a72406f1efa61e9ec786	headget-20260429-030809Z-http-head-timeout-get-200	datadog-synthetics	maintenance_suppressed	0		2026-04-29 07:37:44.606511
095688a38590a72406f1efa61e9ec786	headget-20260429-030809Z-http-head-timeout-get-200	datadog-synthetics	tls_advisory_detected	0		2026-04-29 07:37:44.606511
095688a38590a72406f1efa61e9ec786	headget-20260429-030809Z-http-head-timeout-get-200	datadog-synthetics	tls_advisory_false_outage	0		2026-04-29 07:37:44.606511
095688a38590a72406f1efa61e9ec786	headget-20260429-030809Z-http-head-timeout-get-200	datadog-synthetics	tls_advisory_missed	0		2026-04-29 07:37:44.606511
095688a38590a72406f1efa61e9ec786	headget-20260429-030809Z-http-head-timeout-get-200	datadog-synthetics	true_positive	0		2026-04-29 07:37:44.606511
095688a38590a72406f1efa61e9ec786	headget-20260429-030809Z-http-head-timeout-get-200	datadog-synthetics	unknown	0		2026-04-29 07:37:44.606511
095688a38590a72406f1efa61e9ec786	headget-20260429-030809Z-http-head-timeout-get-200	jetmon-v1	cooldown_suppressed	0		2026-04-29 07:37:44.606511
095688a38590a72406f1efa61e9ec786	headget-20260429-030809Z-http-head-timeout-get-200	jetmon-v1	cooldown_uncertain	0		2026-04-29 07:37:44.606511
095688a38590a72406f1efa61e9ec786	headget-20260429-030809Z-http-head-timeout-get-200	jetmon-v1	false_negative	1		2026-04-29 07:37:44.606511
095688a38590a72406f1efa61e9ec786	headget-20260429-030809Z-http-head-timeout-get-200	jetmon-v1	false_positive	0		2026-04-29 07:37:44.606511
095688a38590a72406f1efa61e9ec786	headget-20260429-030809Z-http-head-timeout-get-200	jetmon-v1	maintenance_suppressed	0		2026-04-29 07:37:44.606511
095688a38590a72406f1efa61e9ec786	headget-20260429-030809Z-http-head-timeout-get-200	jetmon-v1	tls_advisory_detected	0		2026-04-29 07:37:44.606511
095688a38590a72406f1efa61e9ec786	headget-20260429-030809Z-http-head-timeout-get-200	jetmon-v1	tls_advisory_false_outage	0		2026-04-29 07:37:44.606511
095688a38590a72406f1efa61e9ec786	headget-20260429-030809Z-http-head-timeout-get-200	jetmon-v1	tls_advisory_missed	0		2026-04-29 07:37:44.606511
095688a38590a72406f1efa61e9ec786	headget-20260429-030809Z-http-head-timeout-get-200	jetmon-v1	true_positive	0		2026-04-29 07:37:44.606511
095688a38590a72406f1efa61e9ec786	headget-20260429-030809Z-http-head-timeout-get-200	jetmon-v1	unknown	0		2026-04-29 07:37:44.606511
095688a38590a72406f1efa61e9ec786	headget-20260429-030809Z-http-head-timeout-get-200	jetmon-v2	cooldown_suppressed	0		2026-04-29 07:37:44.606511
095688a38590a72406f1efa61e9ec786	headget-20260429-030809Z-http-head-timeout-get-200	jetmon-v2	cooldown_uncertain	0		2026-04-29 07:37:44.606511
095688a38590a72406f1efa61e9ec786	headget-20260429-030809Z-http-head-timeout-get-200	jetmon-v2	false_negative	1		2026-04-29 07:37:44.606511
095688a38590a72406f1efa61e9ec786	headget-20260429-030809Z-http-head-timeout-get-200	jetmon-v2	false_positive	0		2026-04-29 07:37:44.606511
095688a38590a72406f1efa61e9ec786	headget-20260429-030809Z-http-head-timeout-get-200	jetmon-v2	maintenance_suppressed	0		2026-04-29 07:37:44.606511
095688a38590a72406f1efa61e9ec786	headget-20260429-030809Z-http-head-timeout-get-200	jetmon-v2	tls_advisory_detected	0		2026-04-29 07:37:44.606511
095688a38590a72406f1efa61e9ec786	headget-20260429-030809Z-http-head-timeout-get-200	jetmon-v2	tls_advisory_false_outage	0		2026-04-29 07:37:44.606511
095688a38590a72406f1efa61e9ec786	headget-20260429-030809Z-http-head-timeout-get-200	jetmon-v2	tls_advisory_missed	0		2026-04-29 07:37:44.606511
095688a38590a72406f1efa61e9ec786	headget-20260429-030809Z-http-head-timeout-get-200	jetmon-v2	true_positive	0		2026-04-29 07:37:44.606511
095688a38590a72406f1efa61e9ec786	headget-20260429-030809Z-http-head-timeout-get-200	jetmon-v2	unknown	0		2026-04-29 07:37:44.606511
095688a38590a72406f1efa61e9ec786	headget-20260429-030809Z-http-head-timeout-get-200	pingdom	cooldown_suppressed	0		2026-04-29 07:37:44.606511
095688a38590a72406f1efa61e9ec786	headget-20260429-030809Z-http-head-timeout-get-200	pingdom	cooldown_uncertain	0		2026-04-29 07:37:44.606511
095688a38590a72406f1efa61e9ec786	headget-20260429-030809Z-http-head-timeout-get-200	pingdom	false_negative	1		2026-04-29 07:37:44.606511
095688a38590a72406f1efa61e9ec786	headget-20260429-030809Z-http-head-timeout-get-200	pingdom	false_positive	0		2026-04-29 07:37:44.606511
095688a38590a72406f1efa61e9ec786	headget-20260429-030809Z-http-head-timeout-get-200	pingdom	maintenance_suppressed	0		2026-04-29 07:37:44.606511
095688a38590a72406f1efa61e9ec786	headget-20260429-030809Z-http-head-timeout-get-200	pingdom	tls_advisory_detected	0		2026-04-29 07:37:44.606511
095688a38590a72406f1efa61e9ec786	headget-20260429-030809Z-http-head-timeout-get-200	pingdom	tls_advisory_false_outage	0		2026-04-29 07:37:44.606511
095688a38590a72406f1efa61e9ec786	headget-20260429-030809Z-http-head-timeout-get-200	pingdom	tls_advisory_missed	0		2026-04-29 07:37:44.606511
095688a38590a72406f1efa61e9ec786	headget-20260429-030809Z-http-head-timeout-get-200	pingdom	true_positive	0		2026-04-29 07:37:44.606511
095688a38590a72406f1efa61e9ec786	headget-20260429-030809Z-http-head-timeout-get-200	pingdom	unknown	0		2026-04-29 07:37:44.606511
86382c43907aa3123e9dac744b54d62f	headget-20260429-030809Z-http-head-200-get-redirect-loop	better-uptime	cooldown_suppressed	0		2026-04-29 08:00:49.494130
86382c43907aa3123e9dac744b54d62f	headget-20260429-030809Z-http-head-200-get-redirect-loop	better-uptime	cooldown_uncertain	0		2026-04-29 08:00:49.494130
86382c43907aa3123e9dac744b54d62f	headget-20260429-030809Z-http-head-200-get-redirect-loop	better-uptime	detection_latency_s	19.088971		2026-04-29 08:00:49.494130
86382c43907aa3123e9dac744b54d62f	headget-20260429-030809Z-http-head-200-get-redirect-loop	better-uptime	false_negative	0		2026-04-29 08:00:49.494130
86382c43907aa3123e9dac744b54d62f	headget-20260429-030809Z-http-head-200-get-redirect-loop	better-uptime	false_positive	0		2026-04-29 08:00:49.494130
86382c43907aa3123e9dac744b54d62f	headget-20260429-030809Z-http-head-200-get-redirect-loop	better-uptime	maintenance_suppressed	0		2026-04-29 08:00:49.494130
86382c43907aa3123e9dac744b54d62f	headget-20260429-030809Z-http-head-200-get-redirect-loop	better-uptime	tls_advisory_detected	0		2026-04-29 08:00:49.494130
86382c43907aa3123e9dac744b54d62f	headget-20260429-030809Z-http-head-200-get-redirect-loop	better-uptime	tls_advisory_false_outage	0		2026-04-29 08:00:49.494130
86382c43907aa3123e9dac744b54d62f	headget-20260429-030809Z-http-head-200-get-redirect-loop	better-uptime	tls_advisory_missed	0		2026-04-29 08:00:49.494130
86382c43907aa3123e9dac744b54d62f	headget-20260429-030809Z-http-head-200-get-redirect-loop	better-uptime	true_positive	1		2026-04-29 08:00:49.494130
86382c43907aa3123e9dac744b54d62f	headget-20260429-030809Z-http-head-200-get-redirect-loop	better-uptime	unknown	0		2026-04-29 08:00:49.494130
86382c43907aa3123e9dac744b54d62f	headget-20260429-030809Z-http-head-200-get-redirect-loop	datadog-synthetics	cooldown_suppressed	0		2026-04-29 08:00:49.494130
86382c43907aa3123e9dac744b54d62f	headget-20260429-030809Z-http-head-200-get-redirect-loop	datadog-synthetics	cooldown_uncertain	0		2026-04-29 08:00:49.494130
86382c43907aa3123e9dac744b54d62f	headget-20260429-030809Z-http-head-200-get-redirect-loop	datadog-synthetics	detection_latency_s	300.427971		2026-04-29 08:00:49.494130
86382c43907aa3123e9dac744b54d62f	headget-20260429-030809Z-http-head-200-get-redirect-loop	datadog-synthetics	false_negative	0		2026-04-29 08:00:49.494130
86382c43907aa3123e9dac744b54d62f	headget-20260429-030809Z-http-head-200-get-redirect-loop	datadog-synthetics	false_positive	0		2026-04-29 08:00:49.494130
86382c43907aa3123e9dac744b54d62f	headget-20260429-030809Z-http-head-200-get-redirect-loop	datadog-synthetics	maintenance_suppressed	0		2026-04-29 08:00:49.494130
86382c43907aa3123e9dac744b54d62f	headget-20260429-030809Z-http-head-200-get-redirect-loop	datadog-synthetics	tls_advisory_detected	0		2026-04-29 08:00:49.494130
86382c43907aa3123e9dac744b54d62f	headget-20260429-030809Z-http-head-200-get-redirect-loop	datadog-synthetics	tls_advisory_false_outage	0		2026-04-29 08:00:49.494130
86382c43907aa3123e9dac744b54d62f	headget-20260429-030809Z-http-head-200-get-redirect-loop	datadog-synthetics	tls_advisory_missed	0		2026-04-29 08:00:49.494130
86382c43907aa3123e9dac744b54d62f	headget-20260429-030809Z-http-head-200-get-redirect-loop	datadog-synthetics	true_positive	1		2026-04-29 08:00:49.494130
86382c43907aa3123e9dac744b54d62f	headget-20260429-030809Z-http-head-200-get-redirect-loop	datadog-synthetics	unknown	0		2026-04-29 08:00:49.494130
86382c43907aa3123e9dac744b54d62f	headget-20260429-030809Z-http-head-200-get-redirect-loop	jetmon-v1	cooldown_suppressed	0		2026-04-29 08:00:49.494130
86382c43907aa3123e9dac744b54d62f	headget-20260429-030809Z-http-head-200-get-redirect-loop	jetmon-v1	cooldown_uncertain	0		2026-04-29 08:00:49.494130
86382c43907aa3123e9dac744b54d62f	headget-20260429-030809Z-http-head-200-get-redirect-loop	jetmon-v1	false_negative	1		2026-04-29 08:00:49.494130
86382c43907aa3123e9dac744b54d62f	headget-20260429-030809Z-http-head-200-get-redirect-loop	jetmon-v1	false_positive	0		2026-04-29 08:00:49.494130
86382c43907aa3123e9dac744b54d62f	headget-20260429-030809Z-http-head-200-get-redirect-loop	jetmon-v1	maintenance_suppressed	0		2026-04-29 08:00:49.494130
86382c43907aa3123e9dac744b54d62f	headget-20260429-030809Z-http-head-200-get-redirect-loop	jetmon-v1	tls_advisory_detected	0		2026-04-29 08:00:49.494130
86382c43907aa3123e9dac744b54d62f	headget-20260429-030809Z-http-head-200-get-redirect-loop	jetmon-v1	tls_advisory_false_outage	0		2026-04-29 08:00:49.494130
86382c43907aa3123e9dac744b54d62f	headget-20260429-030809Z-http-head-200-get-redirect-loop	jetmon-v1	tls_advisory_missed	0		2026-04-29 08:00:49.494130
86382c43907aa3123e9dac744b54d62f	headget-20260429-030809Z-http-head-200-get-redirect-loop	jetmon-v1	true_positive	0		2026-04-29 08:00:49.494130
86382c43907aa3123e9dac744b54d62f	headget-20260429-030809Z-http-head-200-get-redirect-loop	jetmon-v1	unknown	0		2026-04-29 08:00:49.494130
86382c43907aa3123e9dac744b54d62f	headget-20260429-030809Z-http-head-200-get-redirect-loop	jetmon-v2	cooldown_suppressed	0		2026-04-29 08:00:49.494130
86382c43907aa3123e9dac744b54d62f	headget-20260429-030809Z-http-head-200-get-redirect-loop	jetmon-v2	cooldown_uncertain	0		2026-04-29 08:00:49.494130
86382c43907aa3123e9dac744b54d62f	headget-20260429-030809Z-http-head-200-get-redirect-loop	jetmon-v2	detection_latency_s	304.402971		2026-04-29 08:00:49.494130
86382c43907aa3123e9dac744b54d62f	headget-20260429-030809Z-http-head-200-get-redirect-loop	jetmon-v2	false_negative	0		2026-04-29 08:00:49.494130
86382c43907aa3123e9dac744b54d62f	headget-20260429-030809Z-http-head-200-get-redirect-loop	jetmon-v2	false_positive	0		2026-04-29 08:00:49.494130
86382c43907aa3123e9dac744b54d62f	headget-20260429-030809Z-http-head-200-get-redirect-loop	jetmon-v2	maintenance_suppressed	0		2026-04-29 08:00:49.494130
86382c43907aa3123e9dac744b54d62f	headget-20260429-030809Z-http-head-200-get-redirect-loop	jetmon-v2	tls_advisory_detected	0		2026-04-29 08:00:49.494130
86382c43907aa3123e9dac744b54d62f	headget-20260429-030809Z-http-head-200-get-redirect-loop	jetmon-v2	tls_advisory_false_outage	0		2026-04-29 08:00:49.494130
86382c43907aa3123e9dac744b54d62f	headget-20260429-030809Z-http-head-200-get-redirect-loop	jetmon-v2	tls_advisory_missed	0		2026-04-29 08:00:49.494130
86382c43907aa3123e9dac744b54d62f	headget-20260429-030809Z-http-head-200-get-redirect-loop	jetmon-v2	true_positive	1		2026-04-29 08:00:49.494130
86382c43907aa3123e9dac744b54d62f	headget-20260429-030809Z-http-head-200-get-redirect-loop	jetmon-v2	unknown	0		2026-04-29 08:00:49.494130
86382c43907aa3123e9dac744b54d62f	headget-20260429-030809Z-http-head-200-get-redirect-loop	pingdom	cooldown_suppressed	0		2026-04-29 08:00:49.494130
86382c43907aa3123e9dac744b54d62f	headget-20260429-030809Z-http-head-200-get-redirect-loop	pingdom	cooldown_uncertain	0		2026-04-29 08:00:49.494130
86382c43907aa3123e9dac744b54d62f	headget-20260429-030809Z-http-head-200-get-redirect-loop	pingdom	detection_latency_s	261.946971		2026-04-29 08:00:49.494130
86382c43907aa3123e9dac744b54d62f	headget-20260429-030809Z-http-head-200-get-redirect-loop	pingdom	false_negative	0		2026-04-29 08:00:49.494130
86382c43907aa3123e9dac744b54d62f	headget-20260429-030809Z-http-head-200-get-redirect-loop	pingdom	false_positive	0		2026-04-29 08:00:49.494130
86382c43907aa3123e9dac744b54d62f	headget-20260429-030809Z-http-head-200-get-redirect-loop	pingdom	maintenance_suppressed	0		2026-04-29 08:00:49.494130
86382c43907aa3123e9dac744b54d62f	headget-20260429-030809Z-http-head-200-get-redirect-loop	pingdom	tls_advisory_detected	0		2026-04-29 08:00:49.494130
86382c43907aa3123e9dac744b54d62f	headget-20260429-030809Z-http-head-200-get-redirect-loop	pingdom	tls_advisory_false_outage	0		2026-04-29 08:00:49.494130
86382c43907aa3123e9dac744b54d62f	headget-20260429-030809Z-http-head-200-get-redirect-loop	pingdom	tls_advisory_missed	0		2026-04-29 08:00:49.494130
86382c43907aa3123e9dac744b54d62f	headget-20260429-030809Z-http-head-200-get-redirect-loop	pingdom	true_positive	1		2026-04-29 08:00:49.494130
86382c43907aa3123e9dac744b54d62f	headget-20260429-030809Z-http-head-200-get-redirect-loop	pingdom	unknown	0		2026-04-29 08:00:49.494130
769b3c9f8fbf47971ec9d57c9640204b	headget-20260429-030809Z-http-head-200-get-redirect-loop	better-uptime	cooldown_suppressed	0		2026-04-29 08:23:55.820466
769b3c9f8fbf47971ec9d57c9640204b	headget-20260429-030809Z-http-head-200-get-redirect-loop	better-uptime	cooldown_uncertain	0		2026-04-29 08:23:55.820466
769b3c9f8fbf47971ec9d57c9640204b	headget-20260429-030809Z-http-head-200-get-redirect-loop	better-uptime	detection_latency_s	16.306795		2026-04-29 08:23:55.820466
769b3c9f8fbf47971ec9d57c9640204b	headget-20260429-030809Z-http-head-200-get-redirect-loop	better-uptime	false_negative	0		2026-04-29 08:23:55.820466
769b3c9f8fbf47971ec9d57c9640204b	headget-20260429-030809Z-http-head-200-get-redirect-loop	better-uptime	false_positive	0		2026-04-29 08:23:55.820466
769b3c9f8fbf47971ec9d57c9640204b	headget-20260429-030809Z-http-head-200-get-redirect-loop	better-uptime	maintenance_suppressed	0		2026-04-29 08:23:55.820466
769b3c9f8fbf47971ec9d57c9640204b	headget-20260429-030809Z-http-head-200-get-redirect-loop	better-uptime	tls_advisory_detected	0		2026-04-29 08:23:55.820466
769b3c9f8fbf47971ec9d57c9640204b	headget-20260429-030809Z-http-head-200-get-redirect-loop	better-uptime	tls_advisory_false_outage	0		2026-04-29 08:23:55.820466
769b3c9f8fbf47971ec9d57c9640204b	headget-20260429-030809Z-http-head-200-get-redirect-loop	better-uptime	tls_advisory_missed	0		2026-04-29 08:23:55.820466
769b3c9f8fbf47971ec9d57c9640204b	headget-20260429-030809Z-http-head-200-get-redirect-loop	better-uptime	true_positive	1		2026-04-29 08:23:55.820466
769b3c9f8fbf47971ec9d57c9640204b	headget-20260429-030809Z-http-head-200-get-redirect-loop	better-uptime	unknown	0		2026-04-29 08:23:55.820466
769b3c9f8fbf47971ec9d57c9640204b	headget-20260429-030809Z-http-head-200-get-redirect-loop	datadog-synthetics	cooldown_suppressed	0		2026-04-29 08:23:55.820466
769b3c9f8fbf47971ec9d57c9640204b	headget-20260429-030809Z-http-head-200-get-redirect-loop	datadog-synthetics	cooldown_uncertain	0		2026-04-29 08:23:55.820466
769b3c9f8fbf47971ec9d57c9640204b	headget-20260429-030809Z-http-head-200-get-redirect-loop	datadog-synthetics	detection_latency_s	300.903795		2026-04-29 08:23:55.820466
769b3c9f8fbf47971ec9d57c9640204b	headget-20260429-030809Z-http-head-200-get-redirect-loop	datadog-synthetics	false_negative	0		2026-04-29 08:23:55.820466
769b3c9f8fbf47971ec9d57c9640204b	headget-20260429-030809Z-http-head-200-get-redirect-loop	datadog-synthetics	false_positive	0		2026-04-29 08:23:55.820466
769b3c9f8fbf47971ec9d57c9640204b	headget-20260429-030809Z-http-head-200-get-redirect-loop	datadog-synthetics	maintenance_suppressed	0		2026-04-29 08:23:55.820466
769b3c9f8fbf47971ec9d57c9640204b	headget-20260429-030809Z-http-head-200-get-redirect-loop	datadog-synthetics	tls_advisory_detected	0		2026-04-29 08:23:55.820466
769b3c9f8fbf47971ec9d57c9640204b	headget-20260429-030809Z-http-head-200-get-redirect-loop	datadog-synthetics	tls_advisory_false_outage	0		2026-04-29 08:23:55.820466
769b3c9f8fbf47971ec9d57c9640204b	headget-20260429-030809Z-http-head-200-get-redirect-loop	datadog-synthetics	tls_advisory_missed	0		2026-04-29 08:23:55.820466
769b3c9f8fbf47971ec9d57c9640204b	headget-20260429-030809Z-http-head-200-get-redirect-loop	datadog-synthetics	true_positive	1		2026-04-29 08:23:55.820466
769b3c9f8fbf47971ec9d57c9640204b	headget-20260429-030809Z-http-head-200-get-redirect-loop	datadog-synthetics	unknown	0		2026-04-29 08:23:55.820466
769b3c9f8fbf47971ec9d57c9640204b	headget-20260429-030809Z-http-head-200-get-redirect-loop	jetmon-v1	cooldown_suppressed	0		2026-04-29 08:23:55.820466
769b3c9f8fbf47971ec9d57c9640204b	headget-20260429-030809Z-http-head-200-get-redirect-loop	jetmon-v1	cooldown_uncertain	0		2026-04-29 08:23:55.820466
769b3c9f8fbf47971ec9d57c9640204b	headget-20260429-030809Z-http-head-200-get-redirect-loop	jetmon-v1	false_negative	1		2026-04-29 08:23:55.820466
769b3c9f8fbf47971ec9d57c9640204b	headget-20260429-030809Z-http-head-200-get-redirect-loop	jetmon-v1	false_positive	0		2026-04-29 08:23:55.820466
769b3c9f8fbf47971ec9d57c9640204b	headget-20260429-030809Z-http-head-200-get-redirect-loop	jetmon-v1	maintenance_suppressed	0		2026-04-29 08:23:55.820466
769b3c9f8fbf47971ec9d57c9640204b	headget-20260429-030809Z-http-head-200-get-redirect-loop	jetmon-v1	tls_advisory_detected	0		2026-04-29 08:23:55.820466
769b3c9f8fbf47971ec9d57c9640204b	headget-20260429-030809Z-http-head-200-get-redirect-loop	jetmon-v1	tls_advisory_false_outage	0		2026-04-29 08:23:55.820466
769b3c9f8fbf47971ec9d57c9640204b	headget-20260429-030809Z-http-head-200-get-redirect-loop	jetmon-v1	tls_advisory_missed	0		2026-04-29 08:23:55.820466
769b3c9f8fbf47971ec9d57c9640204b	headget-20260429-030809Z-http-head-200-get-redirect-loop	jetmon-v1	true_positive	0		2026-04-29 08:23:55.820466
769b3c9f8fbf47971ec9d57c9640204b	headget-20260429-030809Z-http-head-200-get-redirect-loop	jetmon-v1	unknown	0		2026-04-29 08:23:55.820466
769b3c9f8fbf47971ec9d57c9640204b	headget-20260429-030809Z-http-head-200-get-redirect-loop	jetmon-v2	cooldown_suppressed	0		2026-04-29 08:23:55.820466
769b3c9f8fbf47971ec9d57c9640204b	headget-20260429-030809Z-http-head-200-get-redirect-loop	jetmon-v2	cooldown_uncertain	0		2026-04-29 08:23:55.820466
769b3c9f8fbf47971ec9d57c9640204b	headget-20260429-030809Z-http-head-200-get-redirect-loop	jetmon-v2	detection_latency_s	115.716795		2026-04-29 08:23:55.820466
769b3c9f8fbf47971ec9d57c9640204b	headget-20260429-030809Z-http-head-200-get-redirect-loop	jetmon-v2	false_negative	0		2026-04-29 08:23:55.820466
769b3c9f8fbf47971ec9d57c9640204b	headget-20260429-030809Z-http-head-200-get-redirect-loop	jetmon-v2	false_positive	0		2026-04-29 08:23:55.820466
769b3c9f8fbf47971ec9d57c9640204b	headget-20260429-030809Z-http-head-200-get-redirect-loop	jetmon-v2	maintenance_suppressed	0		2026-04-29 08:23:55.820466
769b3c9f8fbf47971ec9d57c9640204b	headget-20260429-030809Z-http-head-200-get-redirect-loop	jetmon-v2	tls_advisory_detected	0		2026-04-29 08:23:55.820466
769b3c9f8fbf47971ec9d57c9640204b	headget-20260429-030809Z-http-head-200-get-redirect-loop	jetmon-v2	tls_advisory_false_outage	0		2026-04-29 08:23:55.820466
769b3c9f8fbf47971ec9d57c9640204b	headget-20260429-030809Z-http-head-200-get-redirect-loop	jetmon-v2	tls_advisory_missed	0		2026-04-29 08:23:55.820466
769b3c9f8fbf47971ec9d57c9640204b	headget-20260429-030809Z-http-head-200-get-redirect-loop	jetmon-v2	true_positive	1		2026-04-29 08:23:55.820466
769b3c9f8fbf47971ec9d57c9640204b	headget-20260429-030809Z-http-head-200-get-redirect-loop	jetmon-v2	unknown	0		2026-04-29 08:23:55.820466
769b3c9f8fbf47971ec9d57c9640204b	headget-20260429-030809Z-http-head-200-get-redirect-loop	pingdom	cooldown_suppressed	0		2026-04-29 08:23:55.820466
769b3c9f8fbf47971ec9d57c9640204b	headget-20260429-030809Z-http-head-200-get-redirect-loop	pingdom	cooldown_uncertain	0		2026-04-29 08:23:55.820466
769b3c9f8fbf47971ec9d57c9640204b	headget-20260429-030809Z-http-head-200-get-redirect-loop	pingdom	detection_latency_s	402.638795		2026-04-29 08:23:55.820466
769b3c9f8fbf47971ec9d57c9640204b	headget-20260429-030809Z-http-head-200-get-redirect-loop	pingdom	false_negative	0		2026-04-29 08:23:55.820466
769b3c9f8fbf47971ec9d57c9640204b	headget-20260429-030809Z-http-head-200-get-redirect-loop	pingdom	false_positive	0		2026-04-29 08:23:55.820466
769b3c9f8fbf47971ec9d57c9640204b	headget-20260429-030809Z-http-head-200-get-redirect-loop	pingdom	maintenance_suppressed	0		2026-04-29 08:23:55.820466
769b3c9f8fbf47971ec9d57c9640204b	headget-20260429-030809Z-http-head-200-get-redirect-loop	pingdom	tls_advisory_detected	0		2026-04-29 08:23:55.820466
769b3c9f8fbf47971ec9d57c9640204b	headget-20260429-030809Z-http-head-200-get-redirect-loop	pingdom	tls_advisory_false_outage	0		2026-04-29 08:23:55.820466
769b3c9f8fbf47971ec9d57c9640204b	headget-20260429-030809Z-http-head-200-get-redirect-loop	pingdom	tls_advisory_missed	0		2026-04-29 08:23:55.820466
769b3c9f8fbf47971ec9d57c9640204b	headget-20260429-030809Z-http-head-200-get-redirect-loop	pingdom	true_positive	1		2026-04-29 08:23:55.820466
769b3c9f8fbf47971ec9d57c9640204b	headget-20260429-030809Z-http-head-200-get-redirect-loop	pingdom	unknown	0		2026-04-29 08:23:55.820466
e57c6793604ad0e82a418f3d03e8635a	headget-20260429-030809Z-http-head-405-get-200	better-uptime	cooldown_suppressed	0		2026-04-29 08:47:00.546867
e57c6793604ad0e82a418f3d03e8635a	headget-20260429-030809Z-http-head-405-get-200	better-uptime	cooldown_uncertain	0		2026-04-29 08:47:00.546867
e57c6793604ad0e82a418f3d03e8635a	headget-20260429-030809Z-http-head-405-get-200	better-uptime	false_negative	0		2026-04-29 08:47:00.546867
e57c6793604ad0e82a418f3d03e8635a	headget-20260429-030809Z-http-head-405-get-200	better-uptime	false_positive	0		2026-04-29 08:47:00.546867
e57c6793604ad0e82a418f3d03e8635a	headget-20260429-030809Z-http-head-405-get-200	better-uptime	maintenance_suppressed	0		2026-04-29 08:47:00.546867
e57c6793604ad0e82a418f3d03e8635a	headget-20260429-030809Z-http-head-405-get-200	better-uptime	tls_advisory_detected	0		2026-04-29 08:47:00.546867
e57c6793604ad0e82a418f3d03e8635a	headget-20260429-030809Z-http-head-405-get-200	better-uptime	tls_advisory_false_outage	0		2026-04-29 08:47:00.546867
e57c6793604ad0e82a418f3d03e8635a	headget-20260429-030809Z-http-head-405-get-200	better-uptime	tls_advisory_missed	0		2026-04-29 08:47:00.546867
e57c6793604ad0e82a418f3d03e8635a	headget-20260429-030809Z-http-head-405-get-200	better-uptime	true_positive	0		2026-04-29 08:47:00.546867
e57c6793604ad0e82a418f3d03e8635a	headget-20260429-030809Z-http-head-405-get-200	better-uptime	unknown	0		2026-04-29 08:47:00.546867
e57c6793604ad0e82a418f3d03e8635a	headget-20260429-030809Z-http-head-405-get-200	datadog-synthetics	cooldown_suppressed	0		2026-04-29 08:47:00.546867
e57c6793604ad0e82a418f3d03e8635a	headget-20260429-030809Z-http-head-405-get-200	datadog-synthetics	cooldown_uncertain	0		2026-04-29 08:47:00.546867
e57c6793604ad0e82a418f3d03e8635a	headget-20260429-030809Z-http-head-405-get-200	datadog-synthetics	false_negative	0		2026-04-29 08:47:00.546867
e57c6793604ad0e82a418f3d03e8635a	headget-20260429-030809Z-http-head-405-get-200	datadog-synthetics	false_positive	0		2026-04-29 08:47:00.546867
e57c6793604ad0e82a418f3d03e8635a	headget-20260429-030809Z-http-head-405-get-200	datadog-synthetics	maintenance_suppressed	0		2026-04-29 08:47:00.546867
e57c6793604ad0e82a418f3d03e8635a	headget-20260429-030809Z-http-head-405-get-200	datadog-synthetics	tls_advisory_detected	0		2026-04-29 08:47:00.546867
e57c6793604ad0e82a418f3d03e8635a	headget-20260429-030809Z-http-head-405-get-200	datadog-synthetics	tls_advisory_false_outage	0		2026-04-29 08:47:00.546867
e57c6793604ad0e82a418f3d03e8635a	headget-20260429-030809Z-http-head-405-get-200	datadog-synthetics	tls_advisory_missed	0		2026-04-29 08:47:00.546867
e57c6793604ad0e82a418f3d03e8635a	headget-20260429-030809Z-http-head-405-get-200	datadog-synthetics	true_positive	0		2026-04-29 08:47:00.546867
e57c6793604ad0e82a418f3d03e8635a	headget-20260429-030809Z-http-head-405-get-200	datadog-synthetics	unknown	0		2026-04-29 08:47:00.546867
e57c6793604ad0e82a418f3d03e8635a	headget-20260429-030809Z-http-head-405-get-200	jetmon-v1	cooldown_suppressed	0		2026-04-29 08:47:00.546867
e57c6793604ad0e82a418f3d03e8635a	headget-20260429-030809Z-http-head-405-get-200	jetmon-v1	cooldown_uncertain	0		2026-04-29 08:47:00.546867
e57c6793604ad0e82a418f3d03e8635a	headget-20260429-030809Z-http-head-405-get-200	jetmon-v1	false_negative	0		2026-04-29 08:47:00.546867
e57c6793604ad0e82a418f3d03e8635a	headget-20260429-030809Z-http-head-405-get-200	jetmon-v1	false_positive	0		2026-04-29 08:47:00.546867
e57c6793604ad0e82a418f3d03e8635a	headget-20260429-030809Z-http-head-405-get-200	jetmon-v1	maintenance_suppressed	0		2026-04-29 08:47:00.546867
e57c6793604ad0e82a418f3d03e8635a	headget-20260429-030809Z-http-head-405-get-200	jetmon-v1	tls_advisory_detected	0		2026-04-29 08:47:00.546867
e57c6793604ad0e82a418f3d03e8635a	headget-20260429-030809Z-http-head-405-get-200	jetmon-v1	tls_advisory_false_outage	0		2026-04-29 08:47:00.546867
e57c6793604ad0e82a418f3d03e8635a	headget-20260429-030809Z-http-head-405-get-200	jetmon-v1	tls_advisory_missed	0		2026-04-29 08:47:00.546867
e57c6793604ad0e82a418f3d03e8635a	headget-20260429-030809Z-http-head-405-get-200	jetmon-v1	true_positive	0		2026-04-29 08:47:00.546867
e57c6793604ad0e82a418f3d03e8635a	headget-20260429-030809Z-http-head-405-get-200	jetmon-v1	unknown	0		2026-04-29 08:47:00.546867
e57c6793604ad0e82a418f3d03e8635a	headget-20260429-030809Z-http-head-405-get-200	jetmon-v2	cooldown_suppressed	0		2026-04-29 08:47:00.546867
e57c6793604ad0e82a418f3d03e8635a	headget-20260429-030809Z-http-head-405-get-200	jetmon-v2	cooldown_uncertain	0		2026-04-29 08:47:00.546867
e57c6793604ad0e82a418f3d03e8635a	headget-20260429-030809Z-http-head-405-get-200	jetmon-v2	false_negative	0		2026-04-29 08:47:00.546867
e57c6793604ad0e82a418f3d03e8635a	headget-20260429-030809Z-http-head-405-get-200	jetmon-v2	false_positive	0		2026-04-29 08:47:00.546867
e57c6793604ad0e82a418f3d03e8635a	headget-20260429-030809Z-http-head-405-get-200	jetmon-v2	maintenance_suppressed	0		2026-04-29 08:47:00.546867
e57c6793604ad0e82a418f3d03e8635a	headget-20260429-030809Z-http-head-405-get-200	jetmon-v2	tls_advisory_detected	0		2026-04-29 08:47:00.546867
e57c6793604ad0e82a418f3d03e8635a	headget-20260429-030809Z-http-head-405-get-200	jetmon-v2	tls_advisory_false_outage	0		2026-04-29 08:47:00.546867
e57c6793604ad0e82a418f3d03e8635a	headget-20260429-030809Z-http-head-405-get-200	jetmon-v2	tls_advisory_missed	0		2026-04-29 08:47:00.546867
e57c6793604ad0e82a418f3d03e8635a	headget-20260429-030809Z-http-head-405-get-200	jetmon-v2	true_positive	0		2026-04-29 08:47:00.546867
e57c6793604ad0e82a418f3d03e8635a	headget-20260429-030809Z-http-head-405-get-200	jetmon-v2	unknown	0		2026-04-29 08:47:00.546867
e57c6793604ad0e82a418f3d03e8635a	headget-20260429-030809Z-http-head-405-get-200	pingdom	cooldown_suppressed	0		2026-04-29 08:47:00.546867
e57c6793604ad0e82a418f3d03e8635a	headget-20260429-030809Z-http-head-405-get-200	pingdom	cooldown_uncertain	0		2026-04-29 08:47:00.546867
e57c6793604ad0e82a418f3d03e8635a	headget-20260429-030809Z-http-head-405-get-200	pingdom	false_negative	0		2026-04-29 08:47:00.546867
e57c6793604ad0e82a418f3d03e8635a	headget-20260429-030809Z-http-head-405-get-200	pingdom	false_positive	0		2026-04-29 08:47:00.546867
e57c6793604ad0e82a418f3d03e8635a	headget-20260429-030809Z-http-head-405-get-200	pingdom	maintenance_suppressed	0		2026-04-29 08:47:00.546867
e57c6793604ad0e82a418f3d03e8635a	headget-20260429-030809Z-http-head-405-get-200	pingdom	tls_advisory_detected	0		2026-04-29 08:47:00.546867
e57c6793604ad0e82a418f3d03e8635a	headget-20260429-030809Z-http-head-405-get-200	pingdom	tls_advisory_false_outage	0		2026-04-29 08:47:00.546867
e57c6793604ad0e82a418f3d03e8635a	headget-20260429-030809Z-http-head-405-get-200	pingdom	tls_advisory_missed	0		2026-04-29 08:47:00.546867
e57c6793604ad0e82a418f3d03e8635a	headget-20260429-030809Z-http-head-405-get-200	pingdom	true_positive	0		2026-04-29 08:47:00.546867
e57c6793604ad0e82a418f3d03e8635a	headget-20260429-030809Z-http-head-405-get-200	pingdom	unknown	0		2026-04-29 08:47:00.546867
77cca9311061200ebe2455b73de6115e	headget-20260429-030809Z-http-head-200-get-partial	better-uptime	cooldown_suppressed	0		2026-04-29 09:10:07.610053
77cca9311061200ebe2455b73de6115e	headget-20260429-030809Z-http-head-200-get-partial	better-uptime	cooldown_uncertain	0		2026-04-29 09:10:07.610053
77cca9311061200ebe2455b73de6115e	headget-20260429-030809Z-http-head-200-get-partial	better-uptime	false_negative	1		2026-04-29 09:10:07.610053
77cca9311061200ebe2455b73de6115e	headget-20260429-030809Z-http-head-200-get-partial	better-uptime	false_positive	0		2026-04-29 09:10:07.610053
77cca9311061200ebe2455b73de6115e	headget-20260429-030809Z-http-head-200-get-partial	better-uptime	maintenance_suppressed	0		2026-04-29 09:10:07.610053
77cca9311061200ebe2455b73de6115e	headget-20260429-030809Z-http-head-200-get-partial	better-uptime	tls_advisory_detected	0		2026-04-29 09:10:07.610053
77cca9311061200ebe2455b73de6115e	headget-20260429-030809Z-http-head-200-get-partial	better-uptime	tls_advisory_false_outage	0		2026-04-29 09:10:07.610053
77cca9311061200ebe2455b73de6115e	headget-20260429-030809Z-http-head-200-get-partial	better-uptime	tls_advisory_missed	0		2026-04-29 09:10:07.610053
77cca9311061200ebe2455b73de6115e	headget-20260429-030809Z-http-head-200-get-partial	better-uptime	true_positive	0		2026-04-29 09:10:07.610053
77cca9311061200ebe2455b73de6115e	headget-20260429-030809Z-http-head-200-get-partial	better-uptime	unknown	0		2026-04-29 09:10:07.610053
77cca9311061200ebe2455b73de6115e	headget-20260429-030809Z-http-head-200-get-partial	datadog-synthetics	cooldown_suppressed	0		2026-04-29 09:10:07.610053
77cca9311061200ebe2455b73de6115e	headget-20260429-030809Z-http-head-200-get-partial	datadog-synthetics	cooldown_uncertain	0		2026-04-29 09:10:07.610053
77cca9311061200ebe2455b73de6115e	headget-20260429-030809Z-http-head-200-get-partial	datadog-synthetics	detection_latency_s	301.465686		2026-04-29 09:10:07.610053
77cca9311061200ebe2455b73de6115e	headget-20260429-030809Z-http-head-200-get-partial	datadog-synthetics	false_negative	0		2026-04-29 09:10:07.610053
77cca9311061200ebe2455b73de6115e	headget-20260429-030809Z-http-head-200-get-partial	datadog-synthetics	false_positive	0		2026-04-29 09:10:07.610053
77cca9311061200ebe2455b73de6115e	headget-20260429-030809Z-http-head-200-get-partial	datadog-synthetics	maintenance_suppressed	0		2026-04-29 09:10:07.610053
77cca9311061200ebe2455b73de6115e	headget-20260429-030809Z-http-head-200-get-partial	datadog-synthetics	tls_advisory_detected	0		2026-04-29 09:10:07.610053
77cca9311061200ebe2455b73de6115e	headget-20260429-030809Z-http-head-200-get-partial	datadog-synthetics	tls_advisory_false_outage	0		2026-04-29 09:10:07.610053
77cca9311061200ebe2455b73de6115e	headget-20260429-030809Z-http-head-200-get-partial	datadog-synthetics	tls_advisory_missed	0		2026-04-29 09:10:07.610053
77cca9311061200ebe2455b73de6115e	headget-20260429-030809Z-http-head-200-get-partial	datadog-synthetics	true_positive	1		2026-04-29 09:10:07.610053
77cca9311061200ebe2455b73de6115e	headget-20260429-030809Z-http-head-200-get-partial	datadog-synthetics	unknown	0		2026-04-29 09:10:07.610053
77cca9311061200ebe2455b73de6115e	headget-20260429-030809Z-http-head-200-get-partial	jetmon-v1	cooldown_suppressed	0		2026-04-29 09:10:07.610053
77cca9311061200ebe2455b73de6115e	headget-20260429-030809Z-http-head-200-get-partial	jetmon-v1	cooldown_uncertain	0		2026-04-29 09:10:07.610053
77cca9311061200ebe2455b73de6115e	headget-20260429-030809Z-http-head-200-get-partial	jetmon-v1	false_negative	1		2026-04-29 09:10:07.610053
77cca9311061200ebe2455b73de6115e	headget-20260429-030809Z-http-head-200-get-partial	jetmon-v1	false_positive	0		2026-04-29 09:10:07.610053
77cca9311061200ebe2455b73de6115e	headget-20260429-030809Z-http-head-200-get-partial	jetmon-v1	maintenance_suppressed	0		2026-04-29 09:10:07.610053
77cca9311061200ebe2455b73de6115e	headget-20260429-030809Z-http-head-200-get-partial	jetmon-v1	tls_advisory_detected	0		2026-04-29 09:10:07.610053
77cca9311061200ebe2455b73de6115e	headget-20260429-030809Z-http-head-200-get-partial	jetmon-v1	tls_advisory_false_outage	0		2026-04-29 09:10:07.610053
77cca9311061200ebe2455b73de6115e	headget-20260429-030809Z-http-head-200-get-partial	jetmon-v1	tls_advisory_missed	0		2026-04-29 09:10:07.610053
77cca9311061200ebe2455b73de6115e	headget-20260429-030809Z-http-head-200-get-partial	jetmon-v1	true_positive	0		2026-04-29 09:10:07.610053
77cca9311061200ebe2455b73de6115e	headget-20260429-030809Z-http-head-200-get-partial	jetmon-v1	unknown	0		2026-04-29 09:10:07.610053
77cca9311061200ebe2455b73de6115e	headget-20260429-030809Z-http-head-200-get-partial	jetmon-v2	cooldown_suppressed	0		2026-04-29 09:10:07.610053
77cca9311061200ebe2455b73de6115e	headget-20260429-030809Z-http-head-200-get-partial	jetmon-v2	cooldown_uncertain	0		2026-04-29 09:10:07.610053
77cca9311061200ebe2455b73de6115e	headget-20260429-030809Z-http-head-200-get-partial	jetmon-v2	false_negative	1		2026-04-29 09:10:07.610053
77cca9311061200ebe2455b73de6115e	headget-20260429-030809Z-http-head-200-get-partial	jetmon-v2	false_positive	0		2026-04-29 09:10:07.610053
77cca9311061200ebe2455b73de6115e	headget-20260429-030809Z-http-head-200-get-partial	jetmon-v2	maintenance_suppressed	0		2026-04-29 09:10:07.610053
77cca9311061200ebe2455b73de6115e	headget-20260429-030809Z-http-head-200-get-partial	jetmon-v2	tls_advisory_detected	0		2026-04-29 09:10:07.610053
77cca9311061200ebe2455b73de6115e	headget-20260429-030809Z-http-head-200-get-partial	jetmon-v2	tls_advisory_false_outage	0		2026-04-29 09:10:07.610053
77cca9311061200ebe2455b73de6115e	headget-20260429-030809Z-http-head-200-get-partial	jetmon-v2	tls_advisory_missed	0		2026-04-29 09:10:07.610053
77cca9311061200ebe2455b73de6115e	headget-20260429-030809Z-http-head-200-get-partial	jetmon-v2	true_positive	0		2026-04-29 09:10:07.610053
77cca9311061200ebe2455b73de6115e	headget-20260429-030809Z-http-head-200-get-partial	jetmon-v2	unknown	0		2026-04-29 09:10:07.610053
77cca9311061200ebe2455b73de6115e	headget-20260429-030809Z-http-head-200-get-partial	pingdom	cooldown_suppressed	0		2026-04-29 09:10:07.610053
77cca9311061200ebe2455b73de6115e	headget-20260429-030809Z-http-head-200-get-partial	pingdom	cooldown_uncertain	0		2026-04-29 09:10:07.610053
77cca9311061200ebe2455b73de6115e	headget-20260429-030809Z-http-head-200-get-partial	pingdom	false_negative	1		2026-04-29 09:10:07.610053
77cca9311061200ebe2455b73de6115e	headget-20260429-030809Z-http-head-200-get-partial	pingdom	false_positive	0		2026-04-29 09:10:07.610053
77cca9311061200ebe2455b73de6115e	headget-20260429-030809Z-http-head-200-get-partial	pingdom	maintenance_suppressed	0		2026-04-29 09:10:07.610053
77cca9311061200ebe2455b73de6115e	headget-20260429-030809Z-http-head-200-get-partial	pingdom	tls_advisory_detected	0		2026-04-29 09:10:07.610053
77cca9311061200ebe2455b73de6115e	headget-20260429-030809Z-http-head-200-get-partial	pingdom	tls_advisory_false_outage	0		2026-04-29 09:10:07.610053
77cca9311061200ebe2455b73de6115e	headget-20260429-030809Z-http-head-200-get-partial	pingdom	tls_advisory_missed	0		2026-04-29 09:10:07.610053
77cca9311061200ebe2455b73de6115e	headget-20260429-030809Z-http-head-200-get-partial	pingdom	true_positive	0		2026-04-29 09:10:07.610053
77cca9311061200ebe2455b73de6115e	headget-20260429-030809Z-http-head-200-get-partial	pingdom	unknown	0		2026-04-29 09:10:07.610053
5daabc2978bc75da0d503b8a9412d289	headget-20260429-030809Z-http-head-200-get-503	better-uptime	cooldown_suppressed	0		2026-04-29 09:33:13.405720
5daabc2978bc75da0d503b8a9412d289	headget-20260429-030809Z-http-head-200-get-503	better-uptime	cooldown_uncertain	0		2026-04-29 09:33:13.405720
5daabc2978bc75da0d503b8a9412d289	headget-20260429-030809Z-http-head-200-get-503	better-uptime	detection_latency_s	2.312285		2026-04-29 09:33:13.405720
5daabc2978bc75da0d503b8a9412d289	headget-20260429-030809Z-http-head-200-get-503	better-uptime	false_negative	0		2026-04-29 09:33:13.405720
5daabc2978bc75da0d503b8a9412d289	headget-20260429-030809Z-http-head-200-get-503	better-uptime	false_positive	0		2026-04-29 09:33:13.405720
5daabc2978bc75da0d503b8a9412d289	headget-20260429-030809Z-http-head-200-get-503	better-uptime	maintenance_suppressed	0		2026-04-29 09:33:13.405720
5daabc2978bc75da0d503b8a9412d289	headget-20260429-030809Z-http-head-200-get-503	better-uptime	tls_advisory_detected	0		2026-04-29 09:33:13.405720
5daabc2978bc75da0d503b8a9412d289	headget-20260429-030809Z-http-head-200-get-503	better-uptime	tls_advisory_false_outage	0		2026-04-29 09:33:13.405720
5daabc2978bc75da0d503b8a9412d289	headget-20260429-030809Z-http-head-200-get-503	better-uptime	tls_advisory_missed	0		2026-04-29 09:33:13.405720
5daabc2978bc75da0d503b8a9412d289	headget-20260429-030809Z-http-head-200-get-503	better-uptime	true_positive	1		2026-04-29 09:33:13.405720
5daabc2978bc75da0d503b8a9412d289	headget-20260429-030809Z-http-head-200-get-503	better-uptime	unknown	0		2026-04-29 09:33:13.405720
5daabc2978bc75da0d503b8a9412d289	headget-20260429-030809Z-http-head-200-get-503	datadog-synthetics	cooldown_suppressed	0		2026-04-29 09:33:13.405720
5daabc2978bc75da0d503b8a9412d289	headget-20260429-030809Z-http-head-200-get-503	datadog-synthetics	cooldown_uncertain	0		2026-04-29 09:33:13.405720
5daabc2978bc75da0d503b8a9412d289	headget-20260429-030809Z-http-head-200-get-503	datadog-synthetics	detection_latency_s	300.758285		2026-04-29 09:33:13.405720
5daabc2978bc75da0d503b8a9412d289	headget-20260429-030809Z-http-head-200-get-503	datadog-synthetics	false_negative	0		2026-04-29 09:33:13.405720
5daabc2978bc75da0d503b8a9412d289	headget-20260429-030809Z-http-head-200-get-503	datadog-synthetics	false_positive	0		2026-04-29 09:33:13.405720
5daabc2978bc75da0d503b8a9412d289	headget-20260429-030809Z-http-head-200-get-503	datadog-synthetics	maintenance_suppressed	0		2026-04-29 09:33:13.405720
5daabc2978bc75da0d503b8a9412d289	headget-20260429-030809Z-http-head-200-get-503	datadog-synthetics	tls_advisory_detected	0		2026-04-29 09:33:13.405720
5daabc2978bc75da0d503b8a9412d289	headget-20260429-030809Z-http-head-200-get-503	datadog-synthetics	tls_advisory_false_outage	0		2026-04-29 09:33:13.405720
5daabc2978bc75da0d503b8a9412d289	headget-20260429-030809Z-http-head-200-get-503	datadog-synthetics	tls_advisory_missed	0		2026-04-29 09:33:13.405720
5daabc2978bc75da0d503b8a9412d289	headget-20260429-030809Z-http-head-200-get-503	datadog-synthetics	true_positive	1		2026-04-29 09:33:13.405720
5daabc2978bc75da0d503b8a9412d289	headget-20260429-030809Z-http-head-200-get-503	datadog-synthetics	unknown	0		2026-04-29 09:33:13.405720
5daabc2978bc75da0d503b8a9412d289	headget-20260429-030809Z-http-head-200-get-503	jetmon-v1	cooldown_suppressed	0		2026-04-29 09:33:13.405720
5daabc2978bc75da0d503b8a9412d289	headget-20260429-030809Z-http-head-200-get-503	jetmon-v1	cooldown_uncertain	0		2026-04-29 09:33:13.405720
5daabc2978bc75da0d503b8a9412d289	headget-20260429-030809Z-http-head-200-get-503	jetmon-v1	false_negative	1		2026-04-29 09:33:13.405720
5daabc2978bc75da0d503b8a9412d289	headget-20260429-030809Z-http-head-200-get-503	jetmon-v1	false_positive	0		2026-04-29 09:33:13.405720
5daabc2978bc75da0d503b8a9412d289	headget-20260429-030809Z-http-head-200-get-503	jetmon-v1	maintenance_suppressed	0		2026-04-29 09:33:13.405720
5daabc2978bc75da0d503b8a9412d289	headget-20260429-030809Z-http-head-200-get-503	jetmon-v1	tls_advisory_detected	0		2026-04-29 09:33:13.405720
5daabc2978bc75da0d503b8a9412d289	headget-20260429-030809Z-http-head-200-get-503	jetmon-v1	tls_advisory_false_outage	0		2026-04-29 09:33:13.405720
5daabc2978bc75da0d503b8a9412d289	headget-20260429-030809Z-http-head-200-get-503	jetmon-v1	tls_advisory_missed	0		2026-04-29 09:33:13.405720
5daabc2978bc75da0d503b8a9412d289	headget-20260429-030809Z-http-head-200-get-503	jetmon-v1	true_positive	0		2026-04-29 09:33:13.405720
5daabc2978bc75da0d503b8a9412d289	headget-20260429-030809Z-http-head-200-get-503	jetmon-v1	unknown	0		2026-04-29 09:33:13.405720
5daabc2978bc75da0d503b8a9412d289	headget-20260429-030809Z-http-head-200-get-503	jetmon-v2	cooldown_suppressed	0		2026-04-29 09:33:13.405720
5daabc2978bc75da0d503b8a9412d289	headget-20260429-030809Z-http-head-200-get-503	jetmon-v2	cooldown_uncertain	0		2026-04-29 09:33:13.405720
5daabc2978bc75da0d503b8a9412d289	headget-20260429-030809Z-http-head-200-get-503	jetmon-v2	detection_latency_s	158.954285		2026-04-29 09:33:13.405720
5daabc2978bc75da0d503b8a9412d289	headget-20260429-030809Z-http-head-200-get-503	jetmon-v2	false_negative	0		2026-04-29 09:33:13.405720
5daabc2978bc75da0d503b8a9412d289	headget-20260429-030809Z-http-head-200-get-503	jetmon-v2	false_positive	0		2026-04-29 09:33:13.405720
5daabc2978bc75da0d503b8a9412d289	headget-20260429-030809Z-http-head-200-get-503	jetmon-v2	maintenance_suppressed	0		2026-04-29 09:33:13.405720
5daabc2978bc75da0d503b8a9412d289	headget-20260429-030809Z-http-head-200-get-503	jetmon-v2	tls_advisory_detected	0		2026-04-29 09:33:13.405720
5daabc2978bc75da0d503b8a9412d289	headget-20260429-030809Z-http-head-200-get-503	jetmon-v2	tls_advisory_false_outage	0		2026-04-29 09:33:13.405720
5daabc2978bc75da0d503b8a9412d289	headget-20260429-030809Z-http-head-200-get-503	jetmon-v2	tls_advisory_missed	0		2026-04-29 09:33:13.405720
5daabc2978bc75da0d503b8a9412d289	headget-20260429-030809Z-http-head-200-get-503	jetmon-v2	true_positive	1		2026-04-29 09:33:13.405720
5daabc2978bc75da0d503b8a9412d289	headget-20260429-030809Z-http-head-200-get-503	jetmon-v2	unknown	0		2026-04-29 09:33:13.405720
5daabc2978bc75da0d503b8a9412d289	headget-20260429-030809Z-http-head-200-get-503	pingdom	cooldown_suppressed	0		2026-04-29 09:33:13.405720
5daabc2978bc75da0d503b8a9412d289	headget-20260429-030809Z-http-head-200-get-503	pingdom	cooldown_uncertain	0		2026-04-29 09:33:13.405720
5daabc2978bc75da0d503b8a9412d289	headget-20260429-030809Z-http-head-200-get-503	pingdom	detection_latency_s	333.022285		2026-04-29 09:33:13.405720
5daabc2978bc75da0d503b8a9412d289	headget-20260429-030809Z-http-head-200-get-503	pingdom	false_negative	0		2026-04-29 09:33:13.405720
5daabc2978bc75da0d503b8a9412d289	headget-20260429-030809Z-http-head-200-get-503	pingdom	false_positive	0		2026-04-29 09:33:13.405720
5daabc2978bc75da0d503b8a9412d289	headget-20260429-030809Z-http-head-200-get-503	pingdom	maintenance_suppressed	0		2026-04-29 09:33:13.405720
5daabc2978bc75da0d503b8a9412d289	headget-20260429-030809Z-http-head-200-get-503	pingdom	tls_advisory_detected	0		2026-04-29 09:33:13.405720
5daabc2978bc75da0d503b8a9412d289	headget-20260429-030809Z-http-head-200-get-503	pingdom	tls_advisory_false_outage	0		2026-04-29 09:33:13.405720
5daabc2978bc75da0d503b8a9412d289	headget-20260429-030809Z-http-head-200-get-503	pingdom	tls_advisory_missed	0		2026-04-29 09:33:13.405720
5daabc2978bc75da0d503b8a9412d289	headget-20260429-030809Z-http-head-200-get-503	pingdom	true_positive	1		2026-04-29 09:33:13.405720
5daabc2978bc75da0d503b8a9412d289	headget-20260429-030809Z-http-head-200-get-503	pingdom	unknown	0		2026-04-29 09:33:13.405720
65e790b97c3a96f9cf5e90089c17ef9a	headget-20260429-030809Z-http-head-200-get-timeout	better-uptime	cooldown_suppressed	0		2026-04-29 09:56:18.666330
65e790b97c3a96f9cf5e90089c17ef9a	headget-20260429-030809Z-http-head-200-get-timeout	better-uptime	cooldown_uncertain	0		2026-04-29 09:56:18.666330
65e790b97c3a96f9cf5e90089c17ef9a	headget-20260429-030809Z-http-head-200-get-timeout	better-uptime	detection_latency_s	32.654428		2026-04-29 09:56:18.666330
65e790b97c3a96f9cf5e90089c17ef9a	headget-20260429-030809Z-http-head-200-get-timeout	better-uptime	false_negative	0		2026-04-29 09:56:18.666330
65e790b97c3a96f9cf5e90089c17ef9a	headget-20260429-030809Z-http-head-200-get-timeout	better-uptime	false_positive	0		2026-04-29 09:56:18.666330
65e790b97c3a96f9cf5e90089c17ef9a	headget-20260429-030809Z-http-head-200-get-timeout	better-uptime	maintenance_suppressed	0		2026-04-29 09:56:18.666330
65e790b97c3a96f9cf5e90089c17ef9a	headget-20260429-030809Z-http-head-200-get-timeout	better-uptime	tls_advisory_detected	0		2026-04-29 09:56:18.666330
65e790b97c3a96f9cf5e90089c17ef9a	headget-20260429-030809Z-http-head-200-get-timeout	better-uptime	tls_advisory_false_outage	0		2026-04-29 09:56:18.666330
65e790b97c3a96f9cf5e90089c17ef9a	headget-20260429-030809Z-http-head-200-get-timeout	better-uptime	tls_advisory_missed	0		2026-04-29 09:56:18.666330
65e790b97c3a96f9cf5e90089c17ef9a	headget-20260429-030809Z-http-head-200-get-timeout	better-uptime	true_positive	1		2026-04-29 09:56:18.666330
65e790b97c3a96f9cf5e90089c17ef9a	headget-20260429-030809Z-http-head-200-get-timeout	better-uptime	unknown	0		2026-04-29 09:56:18.666330
65e790b97c3a96f9cf5e90089c17ef9a	headget-20260429-030809Z-http-head-200-get-timeout	datadog-synthetics	cooldown_suppressed	0		2026-04-29 09:56:18.666330
65e790b97c3a96f9cf5e90089c17ef9a	headget-20260429-030809Z-http-head-200-get-timeout	datadog-synthetics	cooldown_uncertain	0		2026-04-29 09:56:18.666330
65e790b97c3a96f9cf5e90089c17ef9a	headget-20260429-030809Z-http-head-200-get-timeout	datadog-synthetics	detection_latency_s	336.444428		2026-04-29 09:56:18.666330
65e790b97c3a96f9cf5e90089c17ef9a	headget-20260429-030809Z-http-head-200-get-timeout	datadog-synthetics	false_negative	0		2026-04-29 09:56:18.666330
65e790b97c3a96f9cf5e90089c17ef9a	headget-20260429-030809Z-http-head-200-get-timeout	datadog-synthetics	false_positive	0		2026-04-29 09:56:18.666330
65e790b97c3a96f9cf5e90089c17ef9a	headget-20260429-030809Z-http-head-200-get-timeout	datadog-synthetics	maintenance_suppressed	0		2026-04-29 09:56:18.666330
65e790b97c3a96f9cf5e90089c17ef9a	headget-20260429-030809Z-http-head-200-get-timeout	datadog-synthetics	tls_advisory_detected	0		2026-04-29 09:56:18.666330
65e790b97c3a96f9cf5e90089c17ef9a	headget-20260429-030809Z-http-head-200-get-timeout	datadog-synthetics	tls_advisory_false_outage	0		2026-04-29 09:56:18.666330
65e790b97c3a96f9cf5e90089c17ef9a	headget-20260429-030809Z-http-head-200-get-timeout	datadog-synthetics	tls_advisory_missed	0		2026-04-29 09:56:18.666330
65e790b97c3a96f9cf5e90089c17ef9a	headget-20260429-030809Z-http-head-200-get-timeout	datadog-synthetics	true_positive	1		2026-04-29 09:56:18.666330
65e790b97c3a96f9cf5e90089c17ef9a	headget-20260429-030809Z-http-head-200-get-timeout	datadog-synthetics	unknown	0		2026-04-29 09:56:18.666330
65e790b97c3a96f9cf5e90089c17ef9a	headget-20260429-030809Z-http-head-200-get-timeout	jetmon-v1	cooldown_suppressed	0		2026-04-29 09:56:18.666330
65e790b97c3a96f9cf5e90089c17ef9a	headget-20260429-030809Z-http-head-200-get-timeout	jetmon-v1	cooldown_uncertain	0		2026-04-29 09:56:18.666330
65e790b97c3a96f9cf5e90089c17ef9a	headget-20260429-030809Z-http-head-200-get-timeout	jetmon-v1	false_negative	1		2026-04-29 09:56:18.666330
65e790b97c3a96f9cf5e90089c17ef9a	headget-20260429-030809Z-http-head-200-get-timeout	jetmon-v1	false_positive	0		2026-04-29 09:56:18.666330
65e790b97c3a96f9cf5e90089c17ef9a	headget-20260429-030809Z-http-head-200-get-timeout	jetmon-v1	maintenance_suppressed	0		2026-04-29 09:56:18.666330
65e790b97c3a96f9cf5e90089c17ef9a	headget-20260429-030809Z-http-head-200-get-timeout	jetmon-v1	tls_advisory_detected	0		2026-04-29 09:56:18.666330
65e790b97c3a96f9cf5e90089c17ef9a	headget-20260429-030809Z-http-head-200-get-timeout	jetmon-v1	tls_advisory_false_outage	0		2026-04-29 09:56:18.666330
65e790b97c3a96f9cf5e90089c17ef9a	headget-20260429-030809Z-http-head-200-get-timeout	jetmon-v1	tls_advisory_missed	0		2026-04-29 09:56:18.666330
65e790b97c3a96f9cf5e90089c17ef9a	headget-20260429-030809Z-http-head-200-get-timeout	jetmon-v1	true_positive	0		2026-04-29 09:56:18.666330
65e790b97c3a96f9cf5e90089c17ef9a	headget-20260429-030809Z-http-head-200-get-timeout	jetmon-v1	unknown	0		2026-04-29 09:56:18.666330
65e790b97c3a96f9cf5e90089c17ef9a	headget-20260429-030809Z-http-head-200-get-timeout	jetmon-v2	cooldown_suppressed	0		2026-04-29 09:56:18.666330
65e790b97c3a96f9cf5e90089c17ef9a	headget-20260429-030809Z-http-head-200-get-timeout	jetmon-v2	cooldown_uncertain	0		2026-04-29 09:56:18.666330
65e790b97c3a96f9cf5e90089c17ef9a	headget-20260429-030809Z-http-head-200-get-timeout	jetmon-v2	detection_latency_s	278.020428		2026-04-29 09:56:18.666330
65e790b97c3a96f9cf5e90089c17ef9a	headget-20260429-030809Z-http-head-200-get-timeout	jetmon-v2	false_negative	0		2026-04-29 09:56:18.666330
65e790b97c3a96f9cf5e90089c17ef9a	headget-20260429-030809Z-http-head-200-get-timeout	jetmon-v2	false_positive	0		2026-04-29 09:56:18.666330
65e790b97c3a96f9cf5e90089c17ef9a	headget-20260429-030809Z-http-head-200-get-timeout	jetmon-v2	maintenance_suppressed	0		2026-04-29 09:56:18.666330
65e790b97c3a96f9cf5e90089c17ef9a	headget-20260429-030809Z-http-head-200-get-timeout	jetmon-v2	tls_advisory_detected	0		2026-04-29 09:56:18.666330
65e790b97c3a96f9cf5e90089c17ef9a	headget-20260429-030809Z-http-head-200-get-timeout	jetmon-v2	tls_advisory_false_outage	0		2026-04-29 09:56:18.666330
65e790b97c3a96f9cf5e90089c17ef9a	headget-20260429-030809Z-http-head-200-get-timeout	jetmon-v2	tls_advisory_missed	0		2026-04-29 09:56:18.666330
65e790b97c3a96f9cf5e90089c17ef9a	headget-20260429-030809Z-http-head-200-get-timeout	jetmon-v2	true_positive	1		2026-04-29 09:56:18.666330
65e790b97c3a96f9cf5e90089c17ef9a	headget-20260429-030809Z-http-head-200-get-timeout	jetmon-v2	unknown	0		2026-04-29 09:56:18.666330
65e790b97c3a96f9cf5e90089c17ef9a	headget-20260429-030809Z-http-head-200-get-timeout	pingdom	cooldown_suppressed	0		2026-04-29 09:56:18.666330
65e790b97c3a96f9cf5e90089c17ef9a	headget-20260429-030809Z-http-head-200-get-timeout	pingdom	cooldown_uncertain	0		2026-04-29 09:56:18.666330
65e790b97c3a96f9cf5e90089c17ef9a	headget-20260429-030809Z-http-head-200-get-timeout	pingdom	detection_latency_s	282.283428		2026-04-29 09:56:18.666330
65e790b97c3a96f9cf5e90089c17ef9a	headget-20260429-030809Z-http-head-200-get-timeout	pingdom	false_negative	0		2026-04-29 09:56:18.666330
65e790b97c3a96f9cf5e90089c17ef9a	headget-20260429-030809Z-http-head-200-get-timeout	pingdom	false_positive	0		2026-04-29 09:56:18.666330
65e790b97c3a96f9cf5e90089c17ef9a	headget-20260429-030809Z-http-head-200-get-timeout	pingdom	maintenance_suppressed	0		2026-04-29 09:56:18.666330
65e790b97c3a96f9cf5e90089c17ef9a	headget-20260429-030809Z-http-head-200-get-timeout	pingdom	tls_advisory_detected	0		2026-04-29 09:56:18.666330
65e790b97c3a96f9cf5e90089c17ef9a	headget-20260429-030809Z-http-head-200-get-timeout	pingdom	tls_advisory_false_outage	0		2026-04-29 09:56:18.666330
65e790b97c3a96f9cf5e90089c17ef9a	headget-20260429-030809Z-http-head-200-get-timeout	pingdom	tls_advisory_missed	0		2026-04-29 09:56:18.666330
65e790b97c3a96f9cf5e90089c17ef9a	headget-20260429-030809Z-http-head-200-get-timeout	pingdom	true_positive	1		2026-04-29 09:56:18.666330
65e790b97c3a96f9cf5e90089c17ef9a	headget-20260429-030809Z-http-head-200-get-timeout	pingdom	unknown	0		2026-04-29 09:56:18.666330
0d395ad8d15110c585539c7f88e6c308	headget-20260429-030809Z-http-head-timeout-get-200	better-uptime	cooldown_suppressed	0		2026-04-29 10:19:23.347254
0d395ad8d15110c585539c7f88e6c308	headget-20260429-030809Z-http-head-timeout-get-200	better-uptime	cooldown_uncertain	0		2026-04-29 10:19:23.347254
0d395ad8d15110c585539c7f88e6c308	headget-20260429-030809Z-http-head-timeout-get-200	better-uptime	false_negative	1		2026-04-29 10:19:23.347254
0d395ad8d15110c585539c7f88e6c308	headget-20260429-030809Z-http-head-timeout-get-200	better-uptime	false_positive	0		2026-04-29 10:19:23.347254
0d395ad8d15110c585539c7f88e6c308	headget-20260429-030809Z-http-head-timeout-get-200	better-uptime	maintenance_suppressed	0		2026-04-29 10:19:23.347254
0d395ad8d15110c585539c7f88e6c308	headget-20260429-030809Z-http-head-timeout-get-200	better-uptime	tls_advisory_detected	0		2026-04-29 10:19:23.347254
0d395ad8d15110c585539c7f88e6c308	headget-20260429-030809Z-http-head-timeout-get-200	better-uptime	tls_advisory_false_outage	0		2026-04-29 10:19:23.347254
0d395ad8d15110c585539c7f88e6c308	headget-20260429-030809Z-http-head-timeout-get-200	better-uptime	tls_advisory_missed	0		2026-04-29 10:19:23.347254
0d395ad8d15110c585539c7f88e6c308	headget-20260429-030809Z-http-head-timeout-get-200	better-uptime	true_positive	0		2026-04-29 10:19:23.347254
0d395ad8d15110c585539c7f88e6c308	headget-20260429-030809Z-http-head-timeout-get-200	better-uptime	unknown	0		2026-04-29 10:19:23.347254
0d395ad8d15110c585539c7f88e6c308	headget-20260429-030809Z-http-head-timeout-get-200	datadog-synthetics	cooldown_suppressed	0		2026-04-29 10:19:23.347254
0d395ad8d15110c585539c7f88e6c308	headget-20260429-030809Z-http-head-timeout-get-200	datadog-synthetics	cooldown_uncertain	0		2026-04-29 10:19:23.347254
0d395ad8d15110c585539c7f88e6c308	headget-20260429-030809Z-http-head-timeout-get-200	datadog-synthetics	false_negative	1		2026-04-29 10:19:23.347254
0d395ad8d15110c585539c7f88e6c308	headget-20260429-030809Z-http-head-timeout-get-200	datadog-synthetics	false_positive	0		2026-04-29 10:19:23.347254
0d395ad8d15110c585539c7f88e6c308	headget-20260429-030809Z-http-head-timeout-get-200	datadog-synthetics	maintenance_suppressed	0		2026-04-29 10:19:23.347254
0d395ad8d15110c585539c7f88e6c308	headget-20260429-030809Z-http-head-timeout-get-200	datadog-synthetics	tls_advisory_detected	0		2026-04-29 10:19:23.347254
0d395ad8d15110c585539c7f88e6c308	headget-20260429-030809Z-http-head-timeout-get-200	datadog-synthetics	tls_advisory_false_outage	0		2026-04-29 10:19:23.347254
0d395ad8d15110c585539c7f88e6c308	headget-20260429-030809Z-http-head-timeout-get-200	datadog-synthetics	tls_advisory_missed	0		2026-04-29 10:19:23.347254
0d395ad8d15110c585539c7f88e6c308	headget-20260429-030809Z-http-head-timeout-get-200	datadog-synthetics	true_positive	0		2026-04-29 10:19:23.347254
0d395ad8d15110c585539c7f88e6c308	headget-20260429-030809Z-http-head-timeout-get-200	datadog-synthetics	unknown	0		2026-04-29 10:19:23.347254
0d395ad8d15110c585539c7f88e6c308	headget-20260429-030809Z-http-head-timeout-get-200	jetmon-v1	cooldown_suppressed	0		2026-04-29 10:19:23.347254
0d395ad8d15110c585539c7f88e6c308	headget-20260429-030809Z-http-head-timeout-get-200	jetmon-v1	cooldown_uncertain	0		2026-04-29 10:19:23.347254
0d395ad8d15110c585539c7f88e6c308	headget-20260429-030809Z-http-head-timeout-get-200	jetmon-v1	false_negative	1		2026-04-29 10:19:23.347254
0d395ad8d15110c585539c7f88e6c308	headget-20260429-030809Z-http-head-timeout-get-200	jetmon-v1	false_positive	0		2026-04-29 10:19:23.347254
0d395ad8d15110c585539c7f88e6c308	headget-20260429-030809Z-http-head-timeout-get-200	jetmon-v1	maintenance_suppressed	0		2026-04-29 10:19:23.347254
0d395ad8d15110c585539c7f88e6c308	headget-20260429-030809Z-http-head-timeout-get-200	jetmon-v1	tls_advisory_detected	0		2026-04-29 10:19:23.347254
0d395ad8d15110c585539c7f88e6c308	headget-20260429-030809Z-http-head-timeout-get-200	jetmon-v1	tls_advisory_false_outage	0		2026-04-29 10:19:23.347254
0d395ad8d15110c585539c7f88e6c308	headget-20260429-030809Z-http-head-timeout-get-200	jetmon-v1	tls_advisory_missed	0		2026-04-29 10:19:23.347254
0d395ad8d15110c585539c7f88e6c308	headget-20260429-030809Z-http-head-timeout-get-200	jetmon-v1	true_positive	0		2026-04-29 10:19:23.347254
0d395ad8d15110c585539c7f88e6c308	headget-20260429-030809Z-http-head-timeout-get-200	jetmon-v1	unknown	0		2026-04-29 10:19:23.347254
0d395ad8d15110c585539c7f88e6c308	headget-20260429-030809Z-http-head-timeout-get-200	jetmon-v2	cooldown_suppressed	0		2026-04-29 10:19:23.347254
0d395ad8d15110c585539c7f88e6c308	headget-20260429-030809Z-http-head-timeout-get-200	jetmon-v2	cooldown_uncertain	0		2026-04-29 10:19:23.347254
0d395ad8d15110c585539c7f88e6c308	headget-20260429-030809Z-http-head-timeout-get-200	jetmon-v2	false_negative	1		2026-04-29 10:19:23.347254
0d395ad8d15110c585539c7f88e6c308	headget-20260429-030809Z-http-head-timeout-get-200	jetmon-v2	false_positive	0		2026-04-29 10:19:23.347254
0d395ad8d15110c585539c7f88e6c308	headget-20260429-030809Z-http-head-timeout-get-200	jetmon-v2	maintenance_suppressed	0		2026-04-29 10:19:23.347254
0d395ad8d15110c585539c7f88e6c308	headget-20260429-030809Z-http-head-timeout-get-200	jetmon-v2	tls_advisory_detected	0		2026-04-29 10:19:23.347254
0d395ad8d15110c585539c7f88e6c308	headget-20260429-030809Z-http-head-timeout-get-200	jetmon-v2	tls_advisory_false_outage	0		2026-04-29 10:19:23.347254
0d395ad8d15110c585539c7f88e6c308	headget-20260429-030809Z-http-head-timeout-get-200	jetmon-v2	tls_advisory_missed	0		2026-04-29 10:19:23.347254
0d395ad8d15110c585539c7f88e6c308	headget-20260429-030809Z-http-head-timeout-get-200	jetmon-v2	true_positive	0		2026-04-29 10:19:23.347254
0d395ad8d15110c585539c7f88e6c308	headget-20260429-030809Z-http-head-timeout-get-200	jetmon-v2	unknown	0		2026-04-29 10:19:23.347254
0d395ad8d15110c585539c7f88e6c308	headget-20260429-030809Z-http-head-timeout-get-200	pingdom	cooldown_suppressed	0		2026-04-29 10:19:23.347254
0d395ad8d15110c585539c7f88e6c308	headget-20260429-030809Z-http-head-timeout-get-200	pingdom	cooldown_uncertain	0		2026-04-29 10:19:23.347254
0d395ad8d15110c585539c7f88e6c308	headget-20260429-030809Z-http-head-timeout-get-200	pingdom	false_negative	1		2026-04-29 10:19:23.347254
0d395ad8d15110c585539c7f88e6c308	headget-20260429-030809Z-http-head-timeout-get-200	pingdom	false_positive	0		2026-04-29 10:19:23.347254
0d395ad8d15110c585539c7f88e6c308	headget-20260429-030809Z-http-head-timeout-get-200	pingdom	maintenance_suppressed	0		2026-04-29 10:19:23.347254
0d395ad8d15110c585539c7f88e6c308	headget-20260429-030809Z-http-head-timeout-get-200	pingdom	tls_advisory_detected	0		2026-04-29 10:19:23.347254
0d395ad8d15110c585539c7f88e6c308	headget-20260429-030809Z-http-head-timeout-get-200	pingdom	tls_advisory_false_outage	0		2026-04-29 10:19:23.347254
0d395ad8d15110c585539c7f88e6c308	headget-20260429-030809Z-http-head-timeout-get-200	pingdom	tls_advisory_missed	0		2026-04-29 10:19:23.347254
0d395ad8d15110c585539c7f88e6c308	headget-20260429-030809Z-http-head-timeout-get-200	pingdom	true_positive	0		2026-04-29 10:19:23.347254
0d395ad8d15110c585539c7f88e6c308	headget-20260429-030809Z-http-head-timeout-get-200	pingdom	unknown	0		2026-04-29 10:19:23.347254
